patient_id,trial_id,drug_id,age,gender,country,treatment,dosage,start_date,end_date,outcome
P1001,CT-101,DRUG-1,53,Male,Germany,,10.0,2023-10-07,2023-11-28,
P1002,CT-101,DRUG-2,47,Male,Germany,Drug_B_50mg,100.0,2023-04-23,2023-09-14,Adverse Event
P1003,CT-101,DRUG-2,72,Female,Japan,Drug_A_10mg,20.0,2023-06-22,2023-08-17,Completed
P1004,CT-103,DRUG-3,51,Male,UK,Drug_B_50mg,10.0,2023-07-13,2023-09-01,Adverse Event
P1005,CT-105,DRUG-3,42,Male,USA,Drug_B_50mg,20.0,2023-05-29,2023-07-18,Withdrawn
P1006,CT-104,DRUG-3,76,Female,Germany,Placebo,50.0,2023-04-18,2023-07-25,Completed
P1007,CT-102,DRUG-2,38,Female,UK,Placebo,20.0,2023-06-16,2023-07-30,Withdrawn
P1008,CT-103,DRUG-4,52,Male,Germany,Drug_B_50mg,50.0,2023-04-19,2023-09-23,Effective
P1009,CT-104,DRUG-2,51,Male,Germany,Drug_B_50mg,50.0,2023-10-27,2024-03-14,Effective
P1010,CT-102,DRUG-4,29,Male,USA,Drug_A_10mg,20.0,2023-08-05,2023-09-20,Effective
P1011,CT-104,DRUG-3,19,Male,Japan,Drug_B_50mg,50.0,2023-02-27,2023-06-12,Effective
P1012,CT-101,DRUG-3,82,Male,USA,Drug_B_50mg,50.0,2023-09-17,2023-12-06,Withdrawn
P1013,CT-102,DRUG-1,59,Female,USA,Drug_A_10mg,50.0,2023-06-07,2023-09-06,Completed
P1014,CT-105,DRUG-1,28,Female,USA,Drug_B_50mg,20.0,2023-03-07,2023-08-05,Withdrawn
P1015,CT-105,DRUG-4,45,Male,Japan,Placebo,-50.0,2023-08-13,2024-01-22,Effective
P1016,CT-101,DRUG-3,20,Male,Germany,Drug_A_10mg,10.0,2023-01-31,2023-04-29,Completed
P1017,CT-103,DRUG-1,83,Male,Japan,Drug_B_50mg,100.0,2023-04-20,2023-10-05,Withdrawn
P1018,CT-105,DRUG-4,49,Female,UK,Drug_A_10mg,10.0,2023-02-19,2023-07-09,Adverse Event
P1019,CT-104,DRUG-1,30,Male,UK,Drug_B_50mg,50.0,2023-02-25,2023-05-29,Withdrawn
P1020,CT-104,DRUG-2,72,Male,Japan,,20.0,2023-02-08,2023-07-01,
P1021,CT-105,DRUG-1,29,Male,Germany,Placebo,100.0,2023-09-04,2023-11-27,Effective
P1022,CT-102,DRUG-4,18,Female,Japan,Placebo,50.0,2023-08-05,2024-01-24,Effective
P1023,CT-103,DRUG-2,25,Male,Japan,,10.0,2023-10-27,2024-03-27,
P1024,CT-105,DRUG-1,41,Male,USA,Drug_B_50mg,20.0,2023-07-26,2023-09-24,Withdrawn
P1025,CT-101,DRUG-1,71,Female,Japan,Drug_A_10mg,99999.0,2023-05-03,2023-08-08,Effective
P1026,CT-103,DRUG-4,58,Male,USA,Placebo,10.0,2023-02-07,2023-07-24,Withdrawn
P1027,CT-102,DRUG-3,26,Male,Japan,Placebo,20.0,2023-08-13,2024-01-29,Adverse Event
P1028,CT-105,DRUG-1,56,Male,Germany,Placebo,10.0,2023-02-24,2023-08-14,Withdrawn
P1029,CT-105,DRUG-2,61,Male,Japan,Drug_B_50mg,100.0,2023-05-09,2023-06-21,Completed
P1030,CT-103,DRUG-1,18,Female,Germany,Drug_B_50mg,50.0,2023-03-24,2023-08-14,Effective
P1031,CT-101,DRUG-1,37,Male,Japan,Drug_B_50mg,20.0,2023-08-09,2023-10-10,Completed
P1032,CT-101,DRUG-3,44,Male,USA,Placebo,100.0,2023-03-21,2023-06-19,Withdrawn
P1033,CT-102,DRUG-4,21,Male,Japan,Placebo,20.0,2023-05-17,2023-07-26,Completed
P1034,CT-101,DRUG-4,46,Male,UK,Placebo,50.0,2023-04-27,2023-07-23,Completed
P1035,CT-104,DRUG-3,53,MALE,UNITED STATES,Placebo,100.0,2023-10-02,2024-01-24,Completed
P1036,CT-105,DRUG-3,22,Male,UK,Placebo,50.0,2023-08-12,2024-01-19,Completed
P1037,CT-105,DRUG-2,50,Male,UK,Drug_A_10mg,20.0,2023-07-06,2023-11-23,Completed
P1038,CT-103,DRUG-3,33,Female,Japan,Drug_B_50mg,100.0,2023-06-17,2023-10-28,Adverse Event
P1039,CT-102,DRUG-4,66,Male,Japan,Placebo,10.0,2023-06-05,2023-09-16,Withdrawn
P1040,CT-105,DRUG-3,77,Female,UK,Drug_B_50mg,20.0,2023-09-19,2024-02-17,Withdrawn
P1041,CT-103,DRUG-3,29,Male,Japan,Drug_A_10mg,20.0,2023-03-17,2023-04-22,Completed
P1042,CT-104,DRUG-1,76,Female,Germany,Drug_B_50mg,99999.0,2023-09-11,2024-01-21,Withdrawn
P1043,CT-101,DRUG-1,72,Male,Germany,Drug_B_50mg,100.0,2023-01-26,2023-07-17,Withdrawn
P1044,CT-101,DRUG-4,35,Female,Japan,Placebo,100.0,2023-10-08,2024-02-29,Withdrawn
P1045,CT-104,DRUG-4,51,Male,Japan,Drug_B_50mg,100.0,2023-05-03,2023-04-13,Effective
P1046,CT-103,DRUG-2,52,Female,Japan,Drug_B_50mg,10.0,2023-03-12,2023-05-19,Withdrawn
P1047,CT-102,DRUG-2,26,Female,UK,Placebo,100.0,2023-08-01,2023-09-15,Withdrawn
P1048,CT-104,DRUG-1,66,Female,USA,Placebo,50.0,2023-07-19,2023-12-03,Withdrawn
P1049,CT-103,DRUG-4,80,Male,UK,Placebo,100.0,2023-03-26,2023-08-22,Withdrawn
P1050,CT-105,DRUG-1,68,Male,USA,,100.0,2023-03-11,2023-08-06,
P1051,CT-104,DRUG-3,45,Female,Japan,Placebo,100.0,2023-05-23,2023-10-07,Adverse Event
P1052,CT-104,DRUG-1,24,Female,Germany,Drug_B_50mg,10.0,2023-01-21,2023-02-27,Withdrawn
P1053,CT-101,DRUG-2,48,Male,UK,Drug_B_50mg,10.0,2023-10-16,2024-01-09,Effective
P1054,CT-103,DRUG-2,32,Male,Japan,Drug_A_10mg,10.0,2023-06-09,2023-12-03,Effective
P1055,CT-102,DRUG-1,49,Male,Japan,Drug_B_50mg,10.0,2023-10-17,2023-11-26,Adverse Event
P1056,CT-103,DRUG-1,82,Female,USA,Placebo,100.0,2023-02-24,2023-07-14,Adverse Event
P1057,CT-104,DRUG-2,73,Male,Japan,Drug_B_50mg,100.0,2023-08-27,2024-01-15,Adverse Event
P1058,CT-102,DRUG-1,53,Female,Germany,Placebo,100.0,2023-06-22,2023-07-29,Effective
P1059,CT-102,DRUG-4,45,Female,Japan,Placebo,50.0,2023-05-22,2023-11-10,Completed
P1060,CT-102,DRUG-1,48,Female,UK,Drug_B_50mg,20.0,2023-09-01,2024-02-03,Effective
P1061,CT-101,DRUG-3,46,Female,Germany,Placebo,50.0,2023-08-31,2024-02-18,Adverse Event
P1062,CT-105,DRUG-3,63,Female,Japan,Placebo,50.0,2023-04-29,2023-06-28,Withdrawn
P1063,CT-105,DRUG-2,42,Male,UK,Placebo,50.0,2023-02-21,2023-05-11,Adverse Event
P1064,CT-102,DRUG-3,19,Male,Japan,Drug_A_10mg,10.0,2023-10-11,2024-01-23,Withdrawn
P1065,CT-104,DRUG-1,19,Female,UK,Placebo,100.0,2023-06-24,2023-09-09,Completed
P1066,CT-104,DRUG-1,26,Female,UK,Drug_A_10mg,10.0,2023-03-19,2023-02-27,Adverse Event
P1067,CT-102,DRUG-1,71,Male,UK,Placebo,100.0,2023-06-02,2023-11-29,Effective
P1068,CT-105,DRUG-1,30,Male,Germany,Placebo,10.0,2023-03-22,2023-06-21,Withdrawn
P1069,CT-102,DRUG-1,70,Female,UK,Placebo,10.0,2023-04-29,2023-08-10,Adverse Event
P1070,CT-104,DRUG-1,47,Female,Germany,Placebo,10.0,2023-10-06,2024-01-01,Withdrawn
P1071,CT-102,DRUG-1,25,Male,Japan,Drug_B_50mg,50.0,2023-08-13,2023-10-13,Effective
P1072,CT-104,DRUG-3,190,Female,UK,Drug_A_10mg,10.0,2023-08-10,2023-11-30,Adverse Event
P1073,CT-105,DRUG-1,52,Male,Germany,Placebo,100.0,2023-05-23,2023-08-07,Effective
P1074,CT-104,DRUG-1,78,Female,UK,Placebo,50.0,2023-02-23,2023-05-05,Adverse Event
P1075,CT-104,DRUG-3,69,Male,UK,Drug_A_10mg,50.0,2023-05-10,2023-08-30,Completed
P1076,CT-104,DRUG-1,77,Female,USA,Drug_A_10mg,50.0,2023-09-13,2024-02-03,Completed
P1077,CT-105,DRUG-2,54,Female,UK,Drug_A_10mg,10.0,2023-05-03,2023-07-12,Adverse Event
P1078,CT-105,DRUG-4,29,Male,USA,Placebo,10.0,2023-03-20,2023-08-24,Adverse Event
P1079,CT-103,DRUG-4,79,Female,Germany,Placebo,20.0,2023-07-16,2023-10-02,Withdrawn
P1080,CT-103,DRUG-4,61,Female,USA,Placebo,50.0,2023-10-28,2024-04-23,Effective
P1081,CT-104,DRUG-4,62,Female,UK,Placebo,50.0,2023-04-07,2023-07-07,Effective
P1082,CT-104,DRUG-1,58,Female,UK,Placebo,20.0,2023-09-11,2023-10-20,Withdrawn
P1083,CT-105,DRUG-3,30,Female,USA,Drug_B_50mg,100.0,2023-01-08,2023-03-15,Effective
P1084,CT-102,DRUG-1,78,Female,Japan,Drug_B_50mg,100.0,2023-02-11,2023-06-05,Effective
P1085,CT-104,DRUG-1,26,Male,Japan,Drug_A_10mg,10.0,2023-08-11,2023-10-05,Completed
P1086,CT-103,DRUG-1,23,Female,USA,Placebo,50.0,2023-07-11,2023-11-28,Withdrawn
P1087,CT-104,DRUG-2,39,Male,USA,Drug_B_50mg,100.0,2023-05-04,2023-10-08,Withdrawn
P1088,CT-103,DRUG-4,50,Male,UK,Placebo,20.0,2023-02-07,2023-06-30,Adverse Event
P1089,CT-103,DRUG-4,50,Female,Japan,Drug_A_10mg,100.0,2023-09-05,2023-11-01,Withdrawn
P1090,CT-103,DRUG-3,55,Male,UK,Placebo,10.0,2023-10-17,2023-11-28,Effective
P1091,CT-103,DRUG-2,63,Male,Germany,Drug_B_50mg,50.0,2023-03-12,2023-05-05,Completed
P1092,CT-104,DRUG-1,64,Male,USA,Placebo,99999.0,2023-08-01,2023-10-14,Withdrawn
P1093,CT-103,DRUG-3,39,Female,UK,Placebo,-50.0,2023-02-28,2023-07-27,Completed
P1094,CT-104,DRUG-3,29,Female,USA,Placebo,10.0,2023-08-21,2023-12-23,Adverse Event
P1095,CT-103,DRUG-1,47,Female,USA,Drug_B_50mg,50.0,2023-04-24,2023-06-09,Effective
P1096,CT-103,DRUG-4,32,Male,USA,Drug_A_10mg,50.0,2023-09-10,2023-11-08,Completed
P1097,CT-105,DRUG-2,67,Female,Japan,Drug_B_50mg,100.0,2023-10-28,2024-01-05,Effective
P1098,CT-104,DRUG-4,53,f,germany,Drug_A_10mg,100.0,2023-08-16,2023-11-14,Adverse Event
P1099,CT-105,DRUG-3,25,Female,Japan,Drug_A_10mg,10.0,2023-08-21,2023-10-13,Withdrawn
P1100,CT-105,DRUG-1,24,Female,Germany,Drug_A_10mg,20.0,2023-02-05,2023-07-26,Withdrawn
P1101,CT-102,DRUG-3,36,M,UNITED STATES,Drug_A_10mg,20.0,2023-10-04,2024-01-06,Withdrawn
P1102,CT-101,DRUG-3,48,Female,USA,Drug_A_10mg,50.0,2023-01-27,2023-03-30,Effective
P1103,CT-101,DRUG-4,75,Female,USA,Placebo,20.0,2023-01-23,2023-07-05,Adverse Event
P1104,CT-101,DRUG-1,79,Female,UK,Drug_B_50mg,10.0,2023-09-09,2024-01-30,Completed
P1105,CT-103,DRUG-2,26,Male,Japan,Drug_B_50mg,50.0,2023-07-15,2023-12-27,Adverse Event
P1106,CT-105,DRUG-4,30,Male,Germany,Placebo,100.0,2023-04-27,2023-09-09,Adverse Event
P1107,CT-104,DRUG-4,30,Female,UK,Placebo,50.0,2023-07-11,2023-06-21,Effective
P1108,CT-101,DRUG-1,73,Male,Japan,Drug_A_10mg,10.0,2023-10-28,2024-04-18,Adverse Event
P1109,CT-104,DRUG-3,72,Male,Japan,Drug_B_50mg,50.0,2023-06-30,2023-08-25,Withdrawn
P1110,CT-104,DRUG-2,31,Female,Japan,Drug_A_10mg,50.0,2023-10-21,2024-01-16,Effective
P1111,CT-105,DRUG-1,52,Male,Germany,Placebo,50.0,2023-06-23,2023-10-20,Completed
P1112,CT-102,DRUG-4,26,Male,USA,Drug_A_10mg,20.0,2023-07-12,2023-11-26,Effective
P1113,CT-103,DRUG-3,59,Male,USA,Drug_A_10mg,20.0,2023-01-26,2023-03-17,Adverse Event
P1114,CT-104,DRUG-4,74,Female,Japan,Drug_A_10mg,10.0,2023-06-26,2023-11-13,Completed
P1115,CT-105,DRUG-4,85,Female,USA,Drug_A_10mg,100.0,2023-01-29,2023-03-01,Withdrawn
P1116,CT-102,DRUG-2,50,Female,Japan,Drug_A_10mg,99999.0,2023-09-12,2024-01-30,Withdrawn
P1117,CT-102,DRUG-3,27,Female,USA,Placebo,10.0,2023-08-24,2023-10-12,Adverse Event
P1118,CT-105,DRUG-4,71,Female,USA,Placebo,10.0,2023-06-16,2023-08-28,Effective
P1119,CT-103,DRUG-1,73,Male,Germany,Placebo,100.0,2023-09-26,2023-11-15,Effective
P1120,CT-103,DRUG-2,60,Male,USA,Drug_B_50mg,10.0,2023-09-29,2024-03-07,Withdrawn
P1121,CT-103,DRUG-3,36,Male,USA,Drug_A_10mg,50.0,2023-04-12,2023-06-25,Withdrawn
P1122,CT-101,DRUG-2,81,Female,UK,Drug_B_50mg,50.0,2023-06-11,2023-05-22,Effective
P1123,CT-104,DRUG-3,53,Male,Japan,,10.0,2023-06-08,2023-11-03,
P1124,CT-103,DRUG-3,27,Male,UK,Placebo,10.0,2023-08-19,2024-02-11,Withdrawn
P1125,CT-104,DRUG-2,25,Female,USA,Placebo,10.0,2023-09-16,2023-11-29,Completed
P1126,CT-104,DRUG-4,85,Male,Japan,Placebo,50.0,2023-07-18,2023-11-29,Adverse Event
P1127,CT-101,DRUG-3,26,Female,USA,Drug_B_50mg,100.0,2023-05-26,2023-08-28,Withdrawn
P1128,CT-105,DRUG-2,62,Female,UK,Drug_A_10mg,10.0,2023-06-08,2023-11-28,Effective
P1129,CT-103,DRUG-2,85,Male,UK,Drug_B_50mg,50.0,2023-01-10,2023-05-12,Adverse Event
P1130,CT-102,DRUG-3,80,Male,Germany,Drug_A_10mg,20.0,2023-02-09,2023-05-25,Completed
P1131,CT-105,DRUG-1,61,Male,UK,,20.0,2023-04-03,2023-06-14,
P1132,CT-103,DRUG-2,74,Female,UK,Drug_A_10mg,20.0,2023-06-08,2023-11-05,Withdrawn
P1133,CT-105,DRUG-4,77,Female,UK,Drug_B_50mg,100.0,2023-03-24,2023-06-13,Withdrawn
P1134,CT-101,DRUG-4,65,Male,USA,Placebo,10.0,2023-03-24,2023-07-01,Effective
P1135,CT-102,DRUG-4,29,Male,UK,Placebo,10.0,2023-08-01,2023-09-13,Effective
P1136,CT-102,DRUG-4,28,Female,Germany,Drug_A_10mg,INVALID_DOSAGE,2023-02-20,2023-06-15,Withdrawn
P1137,CT-104,DRUG-2,78,Female,USA,Drug_A_10mg,10.0,2023-05-12,2023-08-05,Withdrawn
P1138,CT-105,DRUG-4,32,Female,Germany,Placebo,10.0,2023-01-25,2023-04-26,Effective
P1139,CT-105,DRUG-4,26,Male,UK,Drug_B_50mg,10.0,2023-09-21,2024-03-16,Withdrawn
P1140,CT-103,DRUG-4,18,Female,Germany,Drug_B_50mg,100.0,2023-04-06,2023-03-17,Adverse Event
P1141,CT-105,DRUG-1,67,Female,USA,Drug_B_50mg,100.0,2023-07-11,2023-10-13,Completed
P1142,CT-101,DRUG-3,48,Male,Japan,Drug_A_10mg,10.0,2023-06-30,2023-12-16,Adverse Event
P1143,CT-102,DRUG-4,79,Male,Germany,,100.0,2023-01-19,2023-05-04,
P1144,CT-102,DRUG-1,58,Female,UK,Drug_B_50mg,100.0,2023-05-10,2023-06-18,Withdrawn
P1145,CT-101,DRUG-3,52,Male,Japan,Placebo,100.0,2023-08-14,2023-12-20,Adverse Event
P1146,CT-104,DRUG-4,65,Female,USA,Drug_B_50mg,100.0,2023-02-10,2023-06-30,Withdrawn
P1147,CT-103,DRUG-1,28,Female,Japan,Placebo,100.0,2023-08-07,2023-10-18,Effective
P1148,CT-101,DRUG-3,73,Female,USA,Drug_A_10mg,100.0,2023-07-06,2023-12-14,Withdrawn
P1149,CT-102,DRUG-4,22,Male,USA,Drug_A_10mg,50.0,2023-07-05,2023-11-10,Completed
P1150,CT-104,DRUG-3,65,Female,USA,Drug_B_50mg,20.0,2023-09-29,2024-01-30,Effective
P1151,CT-103,DRUG-2,32,Male,Germany,Placebo,100.0,2023-10-15,2023-12-14,Adverse Event
P1152,CT-104,DRUG-2,54,Female,Germany,Drug_A_10mg,20.0,2023-02-07,2023-07-02,Withdrawn
P1153,CT-104,DRUG-1,58,Female,USA,Drug_B_50mg,50.0,2023-06-03,2023-08-12,Withdrawn
P1154,CT-105,DRUG-2,33,Male,Germany,Drug_A_10mg,100.0,2023-01-14,2023-05-16,Adverse Event
P1155,CT-105,DRUG-2,29,Male,Japan,Placebo,100.0,2023-09-27,2024-02-09,Effective
P1156,CT-101,DRUG-2,58,Male,UK,Placebo,50.0,2023-03-07,2023-08-25,Withdrawn
P1157,CT-102,DRUG-4,82,Male,USA,Drug_B_50mg,20.0,2023-06-05,2023-08-16,Withdrawn
P1158,CT-102,DRUG-3,84,Female,USA,Placebo,20.0,2023-10-10,2024-01-18,Withdrawn
P1159,CT-105,DRUG-1,82,Male,Germany,Drug_A_10mg,50.0,2023-10-16,2023-09-26,Completed
P1160,CT-105,DRUG-3,44,Female,USA,Placebo,50.0,2023-06-04,2023-11-04,Withdrawn
P1161,CT-104,DRUG-3,76,Male,USA,Drug_A_10mg,100.0,2023-08-01,2024-01-01,Effective
P1162,CT-105,DRUG-2,58,Female,Japan,Placebo,20.0,2023-07-09,2023-12-17,Completed
P1163,CT-104,DRUG-1,52,Female,Germany,Drug_A_10mg,10.0,2023-01-26,2023-05-10,Effective
P1164,CT-104,DRUG-2,38,Female,Japan,Drug_A_10mg,20.0,2023-09-13,2024-02-21,Effective
P1165,CT-103,DRUG-4,20,Male,UK,,100.0,2023-05-04,2023-07-28,
P1166,CT-103,DRUG-4,78,Female,USA,Drug_A_10mg,100.0,2023-03-10,2023-06-15,Adverse Event
P1167,CT-103,DRUG-1,69,Male,Germany,Placebo,50.0,2023-02-07,2023-06-15,Effective
P1168,CT-103,DRUG-1,34,Male,UK,Placebo,50.0,2023-10-13,2024-02-13,Withdrawn
P1169,CT-105,DRUG-4,82,Male,USA,Drug_A_10mg,99999.0,2023-06-20,2023-11-18,Effective
P1170,CT-102,DRUG-3,58,Male,UK,Drug_B_50mg,50.0,2023-06-22,2023-11-28,Effective
P1171,CT-103,DRUG-4,20,Female,Japan,Drug_B_50mg,10.0,2023-08-02,2024-01-28,Adverse Event
P1172,CT-101,DRUG-4,51,Male,USA,Drug_B_50mg,99999.0,2023-03-29,2023-09-09,Effective
P1173,CT-102,DRUG-1,32,Male,USA,Placebo,50.0,2023-08-03,2023-10-10,Effective
P1174,CT-104,DRUG-4,25,Male,Germany,Drug_B_50mg,50.0,2023-09-02,2024-02-13,Effective
P1175,CT-102,DRUG-4,61,Female,Japan,Drug_B_50mg,100.0,2023-04-09,2023-07-11,Adverse Event
P1176,CT-102,DRUG-3,54,Male,UK,Placebo,100.0,2023-06-28,2023-12-18,Adverse Event
P1177,CT-105,DRUG-4,68,Female,Germany,Placebo,10.0,2023-05-28,2023-07-17,Adverse Event
P1178,CT-103,DRUG-4,45,Male,Japan,Drug_B_50mg,50.0,2023-03-12,2023-05-08,Withdrawn
P1179,CT-105,DRUG-2,190,Male,USA,Placebo,50.0,2023-08-30,2023-10-24,Withdrawn
P1180,CT-104,DRUG-4,79,Male,Japan,Placebo,50.0,2023-01-31,2023-03-24,Withdrawn
P1181,CT-101,DRUG-2,-5,Male,USA,Placebo,100.0,2023-04-06,2023-07-19,Completed
P1182,CT-103,DRUG-3,76,Female,Germany,Drug_B_50mg,100.0,2023-05-20,2023-08-07,Completed
P1183,CT-104,DRUG-3,41,Male,Japan,Placebo,20.0,2023-03-31,2023-08-11,Effective
P1184,CT-101,DRUG-4,30,Male,Germany,Placebo,50.0,2023-05-08,2023-06-08,Adverse Event
P1185,CT-104,DRUG-3,60,Female,USA,Placebo,50.0,2023-05-01,2023-06-15,Completed
P1186,CT-102,DRUG-4,82,Female,USA,Drug_B_50mg,50.0,2023-07-08,2023-10-02,Withdrawn
P1187,CT-104,DRUG-2,76,Female,UK,Drug_B_50mg,100.0,2023-10-03,2023-12-27,Withdrawn
P1188,CT-105,DRUG-1,85,Female,Japan,Drug_A_10mg,10.0,2023-02-01,2023-07-21,Withdrawn
P1189,CT-102,DRUG-2,59,Female,USA,Drug_B_50mg,20.0,2023-10-26,2024-03-29,Completed
P1190,CT-104,DRUG-1,76,Male,UK,Placebo,10.0,2023-10-14,2024-03-10,Adverse Event
P1191,CT-104,DRUG-3,18,Male,USA,Drug_A_10mg,100.0,2023-06-26,2023-08-11,Completed
P1192,CT-101,DRUG-4,22,Female,UK,Drug_A_10mg,20.0,2023-08-04,2023-12-07,Effective
P1193,CT-104,DRUG-4,28,Male,Japan,Drug_A_10mg,20.0,2023-10-03,2024-02-10,Withdrawn
P1194,CT-102,DRUG-1,20,Female,UK,Drug_B_50mg,100.0,2023-09-30,2024-02-04,Withdrawn
P1195,CT-103,DRUG-2,53,Male,USA,Drug_A_10mg,100.0,2023-01-09,2022-12-20,Withdrawn
P1196,CT-105,DRUG-1,75,Male,Germany,Drug_B_50mg,10.0,2023-07-25,2023-12-14,Withdrawn
P1197,CT-101,DRUG-2,82,Female,Germany,Drug_B_50mg,50.0,2023-10-23,2024-02-12,Withdrawn
P1198,CT-102,DRUG-2,70,Female,Japan,,20.0,2023-08-07,2024-01-26,
P1199,CT-103,DRUG-4,85,Female,UK,Placebo,20.0,2023-06-03,2023-10-07,Withdrawn
P1200,CT-104,DRUG-2,46,Female,Germany,Placebo,10.0,2023-10-15,2024-02-27,Effective
P1201,CT-102,DRUG-4,49,Female,Germany,Placebo,10.0,2023-08-19,2023-12-21,Completed
P1202,CT-102,DRUG-1,52,Female,USA,Drug_A_10mg,20.0,2023-10-28,2024-04-18,Withdrawn
P1203,CT-103,DRUG-3,19,Male,Germany,Drug_B_50mg,10.0,2023-09-03,2023-12-04,Withdrawn
P1204,CT-102,DRUG-3,54,Female,UK,Drug_B_50mg,50.0,2023-06-07,2023-09-11,Adverse Event
P1205,CT-104,DRUG-4,30,Female,Japan,Drug_A_10mg,50.0,2023-06-10,2023-10-23,Completed
P1206,CT-102,DRUG-2,20,Female,UK,Placebo,20.0,2023-04-11,2023-08-03,Withdrawn
P1207,CT-102,DRUG-4,61,Female,UK,Drug_B_50mg,100.0,2023-08-24,2023-11-05,Adverse Event
P1208,CT-105,DRUG-4,41,Male,USA,Drug_A_10mg,10.0,2023-01-04,2023-05-19,Withdrawn
P1209,CT-102,DRUG-1,37,Male,Germany,Drug_B_50mg,100.0,2023-07-11,2023-08-25,Effective
P1210,CT-101,DRUG-1,70,Male,USA,Drug_B_50mg,50.0,2023-10-02,2024-01-13,Completed
P1211,CT-104,DRUG-2,31,Male,Germany,Drug_A_10mg,20.0,2023-09-27,2023-12-30,Adverse Event
P1212,CT-104,DRUG-1,65,Female,UK,Drug_B_50mg,20.0,2023-04-26,2023-08-10,Completed
P1213,CT-101,DRUG-1,69,Female,UK,Drug_B_50mg,100.0,2023-01-29,2023-01-09,Withdrawn
P1214,CT-104,DRUG-3,30,Male,Germany,Drug_A_10mg,100.0,2023-05-19,2023-06-29,Completed
P1215,CT-103,DRUG-1,40,Female,USA,Drug_A_10mg,20.0,2023-07-23,2023-09-10,Adverse Event
P1216,CT-102,DRUG-4,60,F,US,Drug_B_50mg,10.0,2023-09-14,2024-01-10,Completed
P1217,CT-103,DRUG-4,59,Male,Japan,Placebo,100.0,2023-04-27,2023-08-26,Effective
P1218,CT-105,DRUG-4,28,Female,Germany,Drug_B_50mg,10.0,2023-02-12,2023-05-21,Withdrawn
P1219,CT-102,DRUG-4,58,Female,USA,Drug_A_10mg,10.0,2023-06-07,2023-10-28,Adverse Event
P1220,CT-101,DRUG-2,29,Male,UK,Placebo,100.0,2023-02-22,2023-03-30,Completed
P1221,CT-101,DRUG-3,67,Male,Japan,Placebo,100.0,2023-02-13,2023-08-05,Withdrawn
P1222,CT-102,DRUG-4,39,Male,Japan,Placebo,50.0,2023-09-10,2023-11-16,Completed
P1223,CT-103,DRUG-4,56,Female,USA,Placebo,50.0,2023-05-07,2023-10-10,Withdrawn
P1224,CT-102,DRUG-3,18,Female,Japan,Drug_B_50mg,100.0,2023-06-18,2023-11-07,Adverse Event
P1225,CT-105,DRUG-2,56,Female,Germany,Placebo,50.0,2023-04-01,2023-08-10,Adverse Event
P1226,CT-104,DRUG-2,59,Female,Japan,Placebo,50.0,2023-02-28,2023-08-21,Withdrawn
P1227,CT-105,DRUG-2,21,Female,Germany,Placebo,INVALID_DOSAGE,2023-02-05,2023-06-19,Effective
P1228,CT-102,DRUG-3,37,Female,UK,Drug_A_10mg,100.0,2023-09-03,2024-02-29,Effective
P1229,CT-104,DRUG-1,64,Male,USA,Drug_A_10mg,50.0,2023-03-27,2023-05-07,Effective
P1230,CT-103,DRUG-4,31,Male,USA,Placebo,20.0,2023-09-19,2024-02-28,Withdrawn
P1231,CT-104,DRUG-4,82,Male,Japan,Drug_A_10mg,100.0,2023-02-23,2023-06-08,Effective
P1232,CT-101,DRUG-1,36,Female,Japan,Placebo,100.0,2023-04-16,2023-09-26,Effective
P1233,CT-101,DRUG-4,75,Female,USA,Placebo,10.0,2023-02-28,2023-04-04,Adverse Event
P1234,CT-102,DRUG-2,84,Male,Germany,Placebo,100.0,2023-08-25,2023-11-22,Effective
P1235,CT-102,DRUG-4,68,Male,Germany,Placebo,100.0,2023-07-19,2023-08-19,Withdrawn
P1236,CT-101,DRUG-1,41,Female,Japan,Drug_A_10mg,100.0,2023-02-28,2023-06-05,Effective
P1237,CT-103,DRUG-4,68,Male,Japan,Placebo,100.0,2023-03-30,2023-07-14,Completed
P1238,CT-103,DRUG-1,48,Female,USA,Drug_A_10mg,50.0,2023-03-14,2023-08-21,Effective
P1239,CT-102,DRUG-4,72,Male,UK,Drug_B_50mg,20.0,2023-10-12,2023-12-23,Effective
P1240,CT-102,DRUG-3,75,Male,Japan,Drug_A_10mg,100.0,2023-03-11,2023-05-29,Effective
P1241,CT-105,DRUG-4,70,Female,UK,Drug_B_50mg,100.0,2023-09-08,2023-11-19,Completed
P1242,CT-102,DRUG-3,22,Female,Germany,Drug_B_50mg,50.0,2023-03-28,2023-08-22,Effective
P1243,CT-101,DRUG-1,52,f,UNITED STATES,Drug_B_50mg,100.0,2023-10-07,2023-12-31,Effective
P1244,CT-103,DRUG-1,75,Female,Japan,Drug_A_10mg,100.0,2023-03-02,2023-05-31,Withdrawn
P1245,CT-105,DRUG-3,72,Male,Germany,Drug_A_10mg,20.0,2023-01-31,2023-07-25,Adverse Event
P1246,CT-105,DRUG-2,59,Female,Japan,Drug_B_50mg,50.0,2023-09-21,2023-11-14,Withdrawn
P1247,CT-104,DRUG-1,53,Male,Germany,Drug_A_10mg,20.0,2023-06-14,2023-09-15,Effective
P1248,CT-105,DRUG-3,71,Female,UK,Drug_A_10mg,10.0,2023-07-26,2024-01-03,Adverse Event
P1249,CT-103,DRUG-4,80,Female,USA,Drug_B_50mg,10.0,2023-08-23,2023-12-22,Completed
P1250,CT-104,DRUG-2,72,Male,UK,Placebo,50.0,2023-05-26,2023-09-19,Withdrawn
P1251,CT-104,DRUG-3,24,Male,USA,Drug_B_50mg,100.0,2023-01-09,2023-03-11,Withdrawn
P1252,CT-101,DRUG-4,43,Male,Japan,Drug_A_10mg,50.0,2023-02-17,2023-01-28,Adverse Event
P1253,CT-102,DRUG-1,68,Female,Germany,Placebo,10.0,2023-02-18,2023-03-20,Withdrawn
P1254,CT-102,DRUG-2,84,Female,USA,Drug_A_10mg,50.0,2023-03-03,2023-07-19,Withdrawn
P1255,CT-102,DRUG-4,29,Male,USA,Placebo,50.0,2023-06-03,2023-08-07,Effective
P1256,CT-102,DRUG-2,26,Male,Germany,Placebo,50.0,2023-04-20,2023-06-27,Effective
P1257,CT-104,DRUG-2,29,Male,Germany,Drug_A_10mg,100.0,2023-06-29,2023-11-15,Adverse Event
P1258,CT-102,DRUG-3,28,Male,Japan,Drug_B_50mg,10.0,2023-06-04,2023-08-25,Withdrawn
P1259,CT-103,DRUG-1,48,Female,UK,Drug_A_10mg,20.0,2023-09-13,2023-10-31,Completed
P1260,CT-103,DRUG-2,67,Female,Japan,Drug_B_50mg,20.0,2023-08-30,2023-10-17,Completed
P1261,CT-101,DRUG-3,45,Male,USA,Placebo,50.0,2023-09-14,2024-01-28,Effective
P1262,CT-101,DRUG-2,53,Male,Japan,Drug_A_10mg,20.0,2023-03-21,2023-09-04,Adverse Event
P1263,CT-101,DRUG-3,73,Male,USA,Drug_A_10mg,10.0,2023-08-11,2023-10-09,Effective
P1264,CT-101,DRUG-3,40,Male,USA,Drug_B_50mg,20.0,2023-01-06,2023-03-18,Effective
P1265,CT-105,DRUG-3,39,Female,Germany,Drug_B_50mg,50.0,2023-03-02,2023-04-08,Adverse Event
P1266,CT-103,DRUG-1,51,Male,UK,Placebo,50.0,2023-01-29,2023-07-05,Withdrawn
P1267,CT-103,DRUG-1,32,Male,USA,Drug_A_10mg,10.0,2023-05-06,2023-06-16,Effective
P1268,CT-102,DRUG-2,22,Female,Germany,Placebo,20.0,2023-08-02,2023-11-21,Adverse Event
P1269,CT-105,DRUG-3,33,Male,Germany,Drug_A_10mg,10.0,2023-07-25,2023-09-10,Effective
P1270,CT-103,DRUG-3,29,Female,USA,Placebo,20.0,2023-05-30,2023-11-20,Adverse Event
P1271,CT-102,DRUG-4,,Female,Germany,Drug_B_50mg,20.0,2023-03-19,2023-04-19,Effective
P1272,CT-101,DRUG-3,18,Female,Japan,Drug_A_10mg,20.0,2023-09-29,2023-12-28,Effective
P1273,CT-101,DRUG-2,53,Male,USA,Drug_A_10mg,100.0,2023-07-10,2023-12-04,Completed
P1274,CT-105,DRUG-2,68,Male,USA,Placebo,20.0,2023-05-02,2023-08-14,Adverse Event
P1275,CT-104,DRUG-3,58,Female,Japan,Drug_A_10mg,10.0,2023-04-14,2023-06-17,Completed
P1276,CT-102,DRUG-4,77,Female,UK,Drug_A_10mg,50.0,2023-04-17,2023-09-09,Adverse Event
P1277,CT-101,DRUG-1,38,Female,USA,Drug_A_10mg,50.0,2023-03-17,2023-05-09,Withdrawn
P1278,CT-104,DRUG-1,56,M,UNITED STATES,Drug_A_10mg,100.0,2023-08-20,2024-02-08,Withdrawn
P1279,CT-101,DRUG-1,25,Male,Germany,Drug_A_10mg,100.0,2023-07-10,2023-08-30,Adverse Event
P1280,CT-101,DRUG-1,26,Male,UK,Drug_A_10mg,10.0,2023-06-19,2023-08-19,Completed
P1281,CT-101,DRUG-2,73,Female,UK,Drug_A_10mg,100.0,2023-08-07,2023-10-20,Adverse Event
P1282,CT-102,DRUG-3,53,Female,Germany,Drug_A_10mg,20.0,2023-06-01,2023-11-05,Effective
P1283,CT-104,DRUG-1,29,Female,UK,Drug_A_10mg,100.0,2023-04-13,2023-09-24,Withdrawn
P1284,CT-105,DRUG-1,66,Female,UK,Drug_B_50mg,100.0,2023-06-26,2023-12-17,Adverse Event
P1285,CT-102,DRUG-1,58,Male,USA,Placebo,10.0,2023-08-30,2024-02-11,Adverse Event
P1286,CT-102,DRUG-2,30,Male,Germany,Placebo,10.0,2023-04-23,2023-10-17,Effective
P1287,CT-102,DRUG-2,48,Female,Japan,Drug_B_50mg,10.0,2023-06-30,2023-12-22,Withdrawn
P1288,CT-102,DRUG-4,ninety,Male,UK,Drug_A_10mg,10.0,2023-01-29,2023-04-28,Withdrawn
P1289,CT-101,DRUG-3,43,Male,Japan,Drug_B_50mg,99999.0,2023-06-15,2023-07-30,Completed
P1290,CT-102,DRUG-1,85,Female,USA,Placebo,100.0,2023-10-28,2023-12-22,Adverse Event
P1291,CT-102,DRUG-2,73,Female,Japan,Drug_A_10mg,50.0,2023-04-25,2023-10-22,Withdrawn
P1292,CT-103,DRUG-2,40,Male,UK,Drug_B_50mg,10.0,2023-04-04,2023-07-24,Withdrawn
P1293,CT-101,DRUG-4,36,Female,USA,Drug_A_10mg,50.0,2023-06-13,2023-08-24,Completed
P1294,CT-103,DRUG-4,19,Female,Germany,Drug_A_10mg,10.0,2023-06-29,2023-10-02,Completed
P1295,CT-101,DRUG-4,74,FEMALE,UNITED STATES,Placebo,100.0,2023-07-13,2023-11-09,Effective
P1296,CT-102,DRUG-4,27,Male,Japan,Drug_A_10mg,50.0,2023-05-14,2023-07-09,Completed
P1297,CT-104,DRUG-2,27,Male,Japan,Drug_B_50mg,100.0,2023-01-16,2023-06-05,Withdrawn
P1298,CT-104,DRUG-2,24,Male,Japan,Drug_A_10mg,20.0,2023-07-29,2024-01-16,Adverse Event
P1299,CT-103,DRUG-2,-5,Male,UK,Drug_B_50mg,100.0,2023-03-20,2023-05-02,Adverse Event
P1300,CT-103,DRUG-4,43,Male,USA,Drug_A_10mg,20.0,2023-05-30,2023-07-19,Effective
P1301,CT-103,DRUG-4,78,Female,Japan,Drug_A_10mg,100.0,2023-04-05,2023-08-07,Effective
P1302,CT-104,DRUG-1,51,Female,UK,Placebo,20.0,2023-05-18,2023-11-08,Completed
P1303,CT-101,DRUG-1,62,Female,Germany,Drug_B_50mg,10.0,2023-07-18,2023-12-28,Effective
P1304,CT-104,DRUG-2,78,Female,USA,Placebo,INVALID_DOSAGE,2023-09-15,2024-03-09,Withdrawn
P1305,CT-102,DRUG-2,45,Male,Germany,Drug_A_10mg,100.0,2023-02-10,2023-07-01,Withdrawn
P1306,CT-102,DRUG-3,58,Male,USA,Placebo,100.0,2023-10-10,2024-01-31,Adverse Event
P1307,CT-101,DRUG-4,32,Female,Germany,Drug_A_10mg,10.0,2023-02-24,2023-08-17,Completed
P1308,CT-105,DRUG-3,70,Female,UK,Drug_B_50mg,100.0,2023-10-20,2024-03-19,Completed
P1309,CT-104,DRUG-2,69,Male,UK,Placebo,20.0,2023-01-26,2023-06-26,Adverse Event
P1310,CT-101,DRUG-3,56,Female,Japan,Placebo,10.0,2023-04-27,2023-06-30,Adverse Event
P1311,CT-104,DRUG-3,52,Female,USA,Drug_A_10mg,100.0,2023-04-19,2023-08-31,Effective
P1312,CT-103,DRUG-1,83,Male,USA,Placebo,100.0,2023-03-11,2023-08-22,Completed
P1313,CT-102,DRUG-1,49,Male,UK,Drug_A_10mg,50.0,2023-04-12,2023-07-21,Adverse Event
P1314,CT-105,DRUG-4,33,Male,Germany,Placebo,100.0,2023-08-17,2023-10-31,Effective
P1315,CT-103,DRUG-3,38,Female,USA,Placebo,10.0,2023-07-17,2023-08-28,Withdrawn
P1316,CT-102,DRUG-2,46,Male,Japan,Drug_B_50mg,100.0,2023-09-20,2023-10-25,Completed
P1317,CT-102,DRUG-2,19,Male,Japan,Drug_B_50mg,50.0,2023-05-21,2023-10-06,Effective
P1318,CT-104,DRUG-3,45,Female,Japan,Drug_B_50mg,100.0,2023-10-27,2023-12-22,Completed
P1319,CT-103,DRUG-3,56,Male,UK,Drug_A_10mg,50.0,2023-05-22,2023-09-12,Adverse Event
P1320,CT-103,DRUG-2,37,Male,USA,Drug_B_50mg,100.0,2023-06-13,2023-08-17,Completed
P1321,CT-103,DRUG-3,71,Female,UK,Drug_B_50mg,10.0,2023-10-26,2024-04-19,Withdrawn
P1322,CT-102,DRUG-4,63,Female,Germany,Drug_B_50mg,INVALID_DOSAGE,2023-05-31,2023-07-24,Effective
P1323,CT-105,DRUG-2,60,Male,Germany,Placebo,20.0,2023-06-07,2023-10-22,Adverse Event
P1324,CT-105,DRUG-3,77,Male,UK,Drug_A_10mg,10.0,2023-08-30,2023-11-17,Completed
P1325,CT-104,DRUG-3,70,Male,Germany,Drug_A_10mg,99999.0,2023-06-25,2023-11-06,Effective
P1326,CT-102,DRUG-1,80,Female,Germany,Placebo,10.0,2023-01-03,2023-05-28,Adverse Event
P1327,CT-102,DRUG-2,80,Male,Germany,Drug_B_50mg,100.0,2023-08-08,2023-12-19,Effective
P1328,CT-104,DRUG-1,22,Male,Japan,Drug_A_10mg,50.0,2023-09-29,2023-12-16,Completed
P1329,CT-102,DRUG-2,62,Female,Germany,Drug_A_10mg,100.0,2023-09-15,2024-03-13,Adverse Event
P1330,CT-101,DRUG-3,55,Female,Japan,Placebo,20.0,2023-06-25,2023-11-27,Adverse Event
P1331,CT-102,DRUG-4,20,Male,Germany,Drug_B_50mg,99999.0,2023-04-19,2023-05-24,Withdrawn
P1332,CT-101,DRUG-4,50,Male,USA,Drug_B_50mg,10.0,2023-01-11,2023-02-22,Completed
P1333,CT-104,DRUG-1,50,Female,Germany,Drug_A_10mg,10.0,2023-06-04,2023-10-19,Completed
P1334,CT-103,DRUG-2,71,Male,USA,Placebo,10.0,2023-02-24,2023-07-31,Withdrawn
P1335,CT-103,DRUG-2,63,Female,Japan,Drug_A_10mg,10.0,2023-10-08,2024-03-13,Withdrawn
P1336,CT-104,DRUG-3,48,Male,USA,Drug_B_50mg,-50.0,2023-02-26,2023-08-21,Effective
P1337,CT-105,DRUG-1,30,F,US,Placebo,50.0,2023-05-16,2023-10-11,Completed
P1338,CT-103,DRUG-3,58,Female,USA,Drug_A_10mg,10.0,2023-01-05,2023-03-11,Withdrawn
P1339,CT-104,DRUG-3,29,Female,Japan,Drug_A_10mg,10.0,2023-07-25,2023-12-04,Effective
P1340,CT-104,DRUG-4,71,Male,USA,Drug_A_10mg,10.0,2023-03-23,2023-05-18,Effective
P1341,CT-104,DRUG-4,41,FEMALE,JAPAN,Drug_B_50mg,10.0,2023-03-08,2023-08-08,Effective
P1342,CT-101,DRUG-1,51,Female,USA,Drug_B_50mg,20.0,2023-06-23,2023-12-02,Completed
P1343,CT-102,DRUG-4,62,Female,Germany,Drug_B_50mg,10.0,2023-01-06,2023-03-17,Effective
P1344,CT-102,DRUG-1,80,Female,Germany,Placebo,50.0,2023-01-26,2023-07-04,Withdrawn
P1345,CT-104,DRUG-4,48,Male,UK,Placebo,100.0,2023-02-15,2023-07-22,Effective
P1346,CT-104,DRUG-1,31,Female,UK,Drug_A_10mg,10.0,2023-02-16,2023-06-03,Withdrawn
P1347,CT-104,DRUG-3,64,Male,Germany,Placebo,50.0,2023-10-14,2024-03-13,Adverse Event
P1348,CT-101,DRUG-1,46,Male,Japan,Placebo,50.0,2023-10-08,2024-03-19,Adverse Event
P1349,CT-101,DRUG-2,81,Male,UK,Drug_A_10mg,50.0,2023-04-11,2023-06-28,Completed
P1350,CT-104,DRUG-2,76,Male,Japan,Drug_A_10mg,100.0,2023-01-24,2023-07-23,Completed
P1351,CT-104,DRUG-4,82,Male,UK,Drug_A_10mg,10.0,2023-10-11,2024-02-28,Effective
P1352,CT-102,DRUG-2,34,Male,UK,Drug_B_50mg,50.0,2023-09-16,2024-01-22,Effective
P1353,CT-102,DRUG-3,68,Female,Japan,Placebo,20.0,2023-03-12,2023-07-25,Adverse Event
P1354,CT-105,DRUG-3,45,Male,Germany,Drug_B_50mg,50.0,2023-06-26,2023-08-28,Withdrawn
P1355,CT-103,DRUG-1,190,Female,UK,Drug_B_50mg,50.0,2023-08-05,2023-09-07,Completed
P1356,CT-101,DRUG-1,43,Female,Germany,Placebo,50.0,2023-03-16,2023-04-30,Adverse Event
P1357,CT-105,DRUG-1,63,Female,USA,Drug_B_50mg,20.0,2023-10-15,2024-02-21,Withdrawn
P1358,CT-103,DRUG-1,66,Female,UK,Drug_B_50mg,50.0,2023-10-10,2023-11-22,Completed
P1359,CT-102,DRUG-4,46,Female,Germany,Drug_B_50mg,20.0,2023-05-31,2023-10-22,Withdrawn
P1360,CT-101,DRUG-2,40,Male,UK,Drug_A_10mg,99999.0,2023-05-23,2023-11-11,Adverse Event
P1361,CT-103,DRUG-1,60,Female,Germany,Drug_A_10mg,20.0,2023-06-15,2023-07-28,Adverse Event
P1362,CT-105,DRUG-3,27,Female,Germany,Drug_A_10mg,10.0,2023-09-16,2023-11-25,Effective
P1363,CT-104,DRUG-1,62,Male,Germany,Drug_B_50mg,50.0,2023-06-19,2023-10-19,Adverse Event
P1364,CT-105,DRUG-4,19,Male,Japan,Placebo,20.0,2023-05-05,2023-06-14,Adverse Event
P1365,CT-101,DRUG-4,50,Female,USA,Drug_B_50mg,50.0,2023-09-21,2024-02-28,Effective
P1366,CT-103,DRUG-2,59,Male,USA,Drug_A_10mg,10.0,2023-02-03,2023-04-27,Withdrawn
P1367,CT-104,DRUG-1,44,Female,USA,,20.0,2023-01-13,2023-06-09,
P1368,CT-101,DRUG-1,40,Female,USA,Drug_B_50mg,20.0,2023-05-13,2023-09-24,Effective
P1369,CT-104,DRUG-4,58,Male,UK,Drug_B_50mg,10.0,2023-10-01,2023-11-01,Completed
P1370,CT-105,DRUG-1,27,Female,USA,Placebo,50.0,2023-02-14,2023-05-27,Effective
P1371,CT-101,DRUG-4,38,Male,Germany,Drug_B_50mg,100.0,2023-10-07,2024-01-20,Withdrawn
P1372,CT-103,DRUG-1,36,Male,USA,Drug_A_10mg,100.0,2023-10-03,2024-03-21,Completed
P1373,CT-103,DRUG-2,70,Male,Germany,Drug_A_10mg,20.0,2023-05-10,2023-07-28,Completed
P1374,CT-105,DRUG-1,77,Male,Japan,Drug_B_50mg,10.0,2023-05-09,2023-07-03,Withdrawn
P1375,CT-104,DRUG-3,63,Male,Germany,Drug_A_10mg,50.0,2023-02-05,2023-04-25,Adverse Event
P1376,CT-103,DRUG-3,37,Female,Japan,Placebo,20.0,2023-01-03,2023-04-23,Withdrawn
P1377,CT-104,DRUG-3,64,Male,Japan,Placebo,100.0,2023-08-17,2023-12-16,Adverse Event
P1378,CT-101,DRUG-2,28,Female,Germany,Drug_B_50mg,20.0,2023-05-15,2023-07-03,Completed
P1379,CT-105,DRUG-1,69,Male,USA,Drug_B_50mg,50.0,2023-10-06,2024-03-22,Effective
P1380,CT-102,DRUG-3,68,Male,Japan,Drug_A_10mg,100.0,2023-09-14,2024-02-21,Completed
P1381,CT-105,DRUG-1,48,Male,Germany,Placebo,20.0,2023-04-02,2023-09-23,Withdrawn
P1382,CT-104,DRUG-3,23,Male,UK,,10.0,2023-05-16,2023-09-17,
P1383,CT-102,DRUG-3,67,Female,UK,Drug_A_10mg,10.0,2023-06-15,2023-08-10,Adverse Event
P1384,CT-103,DRUG-2,66,Female,Japan,Drug_B_50mg,10.0,2023-09-22,2023-12-25,Effective
P1385,CT-102,DRUG-4,63,Female,UK,Placebo,10.0,2023-09-14,2023-11-18,Effective
P1386,CT-101,DRUG-3,45,Male,Germany,Drug_A_10mg,50.0,2023-03-02,2023-05-29,Effective
P1387,CT-101,DRUG-4,79,Female,Germany,,20.0,2023-07-30,2023-09-03,
P1388,CT-105,DRUG-2,35,Male,Germany,Drug_A_10mg,20.0,2023-05-13,2023-07-28,Effective
P1389,CT-105,DRUG-1,54,Male,Germany,Placebo,100.0,2023-09-04,2023-11-16,Withdrawn
P1390,CT-105,DRUG-2,41,Female,Germany,Drug_B_50mg,50.0,2023-08-21,2023-10-07,Withdrawn
P1391,CT-102,DRUG-1,20,Male,UK,Drug_A_10mg,10.0,2023-04-01,2023-08-30,Completed
P1392,CT-105,DRUG-1,29,Female,Germany,Drug_B_50mg,10.0,2023-08-09,2024-01-19,Effective
P1393,CT-101,DRUG-4,47,Female,UK,Placebo,10.0,2023-08-06,2023-10-09,Adverse Event
P1394,CT-102,DRUG-1,54,Female,Japan,Drug_A_10mg,10.0,2023-01-04,2023-06-30,Completed
P1395,CT-104,DRUG-2,58,Female,Japan,Drug_A_10mg,20.0,2023-08-07,2024-02-02,Adverse Event
P1396,CT-105,DRUG-4,64,Female,UK,Drug_A_10mg,100.0,2023-10-10,2024-03-30,Effective
P1397,CT-105,DRUG-4,50,Female,Japan,Drug_B_50mg,100.0,2023-03-12,2023-05-11,Withdrawn
P1398,CT-102,DRUG-1,45,Female,Japan,Drug_B_50mg,10.0,2023-03-24,2023-07-31,Completed
P1399,CT-102,DRUG-4,73,Male,USA,Placebo,20.0,2023-07-09,2023-08-28,Completed
P1400,CT-104,DRUG-3,25,Male,UK,Placebo,10.0,2023-04-14,2023-09-23,Adverse Event
P1401,CT-105,DRUG-2,39,Male,Japan,Drug_A_10mg,10.0,2023-03-22,2023-05-13,Adverse Event
P1402,CT-103,DRUG-4,69,Male,USA,Drug_B_50mg,10.0,2023-02-16,2023-08-05,Adverse Event
P1403,CT-105,DRUG-3,62,Female,Germany,Drug_B_50mg,20.0,2023-08-21,2024-01-01,Completed
P1404,CT-104,DRUG-1,27,Female,Japan,Drug_A_10mg,50.0,2023-10-03,2024-03-28,Adverse Event
P1405,CT-104,DRUG-4,49,M,JAPAN,Drug_B_50mg,100.0,2023-10-28,2023-12-04,Effective
P1406,CT-102,DRUG-2,58,f,germany,Drug_B_50mg,10.0,2023-05-15,2023-08-16,Adverse Event
P1407,CT-101,DRUG-2,78,Female,Japan,Drug_A_10mg,50.0,2023-04-04,2023-06-21,Effective
P1408,CT-102,DRUG-2,51,M,JAPAN,Drug_A_10mg,20.0,2023-07-02,2023-09-09,Completed
P1409,CT-105,DRUG-1,23,Female,Japan,Drug_B_50mg,50.0,2023-09-10,2024-03-05,Adverse Event
P1410,CT-105,DRUG-3,68,Male,Germany,Drug_A_10mg,100.0,2023-09-02,2024-02-17,Completed
P1411,CT-104,DRUG-2,76,Male,UK,Placebo,10.0,2023-01-07,2023-03-31,Effective
P1412,CT-103,DRUG-3,51,Male,Japan,Drug_A_10mg,50.0,2023-08-30,2023-12-25,Adverse Event
P1413,CT-104,DRUG-2,71,Female,Japan,Placebo,50.0,2023-08-19,2023-11-03,Withdrawn
P1414,CT-102,DRUG-1,52,Male,UK,Placebo,20.0,2023-03-16,2023-05-23,Effective
P1415,CT-102,DRUG-4,81,Male,Japan,Placebo,50.0,2023-05-09,2023-10-29,Completed
P1416,CT-102,DRUG-1,45,Female,UK,Drug_B_50mg,10.0,2023-08-19,2023-12-12,Adverse Event
P1417,CT-105,DRUG-3,62,Male,UK,Drug_A_10mg,50.0,2023-04-12,2023-10-06,Withdrawn
P1418,CT-103,DRUG-3,59,Female,UK,Drug_A_10mg,100.0,2023-05-27,2023-10-22,Withdrawn
P1419,CT-103,DRUG-4,69,Male,USA,Drug_A_10mg,50.0,2023-04-27,2023-08-15,Adverse Event
P1420,CT-103,DRUG-4,52,Female,Japan,Drug_B_50mg,100.0,2023-07-31,2023-10-11,Withdrawn
P1421,CT-102,DRUG-2,50,Male,Germany,Drug_A_10mg,100.0,2023-02-22,2023-04-17,Completed
P1422,CT-104,DRUG-1,21,Female,USA,Drug_A_10mg,50.0,2023-03-21,2023-05-11,Effective
P1423,CT-102,DRUG-3,74,Male,Germany,Drug_B_50mg,20.0,2023-01-15,2023-02-22,Adverse Event
P1424,CT-103,DRUG-4,77,Female,UK,Drug_A_10mg,20.0,2023-08-22,2024-02-12,Effective
P1425,CT-105,DRUG-3,62,Female,Germany,Drug_A_10mg,100.0,2023-06-07,2023-10-08,Effective
P1426,CT-103,DRUG-1,18,Male,Japan,Placebo,100.0,2023-10-01,2023-11-02,Effective
P1427,CT-104,DRUG-3,19,Female,Japan,Drug_B_50mg,20.0,2023-01-04,2023-06-23,Adverse Event
P1428,CT-105,DRUG-4,68,Male,Germany,Drug_B_50mg,100.0,2023-07-13,2023-06-23,Adverse Event
P1429,CT-102,DRUG-3,54,FEMALE,JAPAN,Drug_A_10mg,10.0,2023-04-04,2023-06-07,Adverse Event
P1430,CT-103,DRUG-4,42,Female,USA,Drug_A_10mg,10.0,2023-10-01,2023-11-05,Withdrawn
P1431,CT-103,DRUG-3,34,Female,USA,Drug_A_10mg,10.0,2023-03-19,2023-04-21,Effective
P1432,CT-104,DRUG-3,81,Female,UK,,10.0,2023-06-19,2023-08-08,
P1433,CT-104,DRUG-1,78,Male,Germany,Placebo,100.0,2023-01-07,2023-03-09,Withdrawn
P1434,CT-104,DRUG-2,22,Male,UK,Drug_B_50mg,10.0,2023-09-24,2023-12-16,Effective
P1435,CT-103,DRUG-3,38,Male,USA,Placebo,100.0,2023-06-02,2023-08-21,Adverse Event
P1436,CT-102,DRUG-1,48,Female,Japan,Drug_A_10mg,20.0,2023-05-22,2023-11-17,Completed
P1437,CT-102,DRUG-1,23,m,germany,Placebo,10.0,2023-05-08,2023-07-17,Effective
P1438,CT-101,DRUG-1,63,Male,USA,Drug_A_10mg,100.0,2023-04-30,2023-08-19,Adverse Event
P1439,CT-104,DRUG-2,20,Female,Japan,Drug_B_50mg,20.0,2023-05-09,2023-06-18,Effective
P1440,CT-105,DRUG-3,80,Male,Germany,Drug_B_50mg,50.0,2023-06-15,2023-11-11,Adverse Event
P1441,CT-105,DRUG-2,ninety,Male,UK,Placebo,50.0,2023-10-05,2024-02-05,Effective
P1442,CT-102,DRUG-1,64,Male,Japan,Drug_B_50mg,10.0,2023-10-03,2024-02-09,Withdrawn
P1443,CT-104,DRUG-2,54,Female,UK,,50.0,2023-02-26,2023-04-21,
P1444,CT-102,DRUG-2,22,Male,USA,Placebo,20.0,2023-02-20,2023-03-30,Effective
P1445,CT-105,DRUG-3,24,Female,Germany,Drug_B_50mg,10.0,2023-01-07,2023-03-31,Effective
P1446,CT-101,DRUG-4,25,Female,UK,Placebo,10.0,2023-05-17,2023-10-29,Completed
P1447,CT-103,DRUG-1,45,Male,USA,Drug_B_50mg,20.0,2023-09-30,2024-02-05,Withdrawn
P1448,CT-102,DRUG-2,71,Male,Japan,Drug_B_50mg,100.0,2023-08-07,2023-10-02,Withdrawn
P1449,CT-105,DRUG-4,82,Female,Germany,Drug_B_50mg,100.0,2023-06-30,2023-10-18,Adverse Event
P1450,CT-104,DRUG-4,59,Male,Germany,Placebo,50.0,2023-07-04,2023-11-26,Effective
P1451,CT-101,DRUG-1,54,Male,Germany,Placebo,10.0,2023-06-03,2023-08-28,Withdrawn
P1452,CT-101,DRUG-3,83,Male,USA,Drug_A_10mg,100.0,2023-07-02,2023-09-09,Withdrawn
P1453,CT-105,DRUG-2,47,Female,Japan,Drug_A_10mg,100.0,2023-10-19,2024-01-12,Completed
P1454,CT-104,DRUG-2,80,Male,Japan,Drug_A_10mg,100.0,2023-02-10,2023-03-26,Adverse Event
P1455,CT-104,DRUG-4,33,Male,USA,Drug_B_50mg,100.0,2023-01-28,2023-05-16,Completed
P1456,CT-105,DRUG-2,59,Male,Germany,Drug_A_10mg,100.0,2023-08-17,2024-02-10,Completed
P1457,CT-103,DRUG-4,36,Male,Japan,Drug_A_10mg,100.0,2023-10-20,2023-12-01,Effective
P1458,CT-104,DRUG-4,34,Male,UK,Drug_B_50mg,20.0,2023-09-07,2024-01-16,Withdrawn
P1459,CT-105,DRUG-2,49,Male,Japan,Placebo,50.0,2023-10-22,2023-12-13,Completed
P1460,CT-104,DRUG-3,62,Male,Japan,Placebo,10.0,2023-06-06,2023-08-18,Adverse Event
P1461,CT-104,DRUG-2,74,Male,Germany,Drug_A_10mg,50.0,2023-03-21,2023-05-11,Completed
P1462,CT-102,DRUG-2,190,Male,Japan,Drug_B_50mg,10.0,2023-06-06,2023-10-29,Effective
P1463,CT-105,DRUG-2,44,Female,UK,Drug_B_50mg,20.0,2023-01-10,2023-05-16,Completed
P1464,CT-101,DRUG-3,43,Female,USA,Placebo,10.0,2023-02-04,2023-06-13,Adverse Event
P1465,CT-103,DRUG-1,20,Female,UK,Drug_A_10mg,100.0,2023-09-18,2023-11-12,Adverse Event
P1466,CT-105,DRUG-1,41,Male,UK,Drug_B_50mg,10.0,2023-01-21,2023-04-24,Adverse Event
P1467,CT-104,DRUG-2,20,Female,Japan,Placebo,50.0,2023-05-01,2023-10-06,Adverse Event
P1468,CT-103,DRUG-4,21,Female,Germany,Drug_A_10mg,50.0,2023-07-21,2023-09-24,Completed
P1469,CT-105,DRUG-2,71,Male,Germany,Placebo,50.0,2023-06-18,2023-11-09,Withdrawn
P1470,CT-102,DRUG-2,35,Female,Germany,Placebo,20.0,2023-10-17,2023-09-27,Adverse Event
P1471,CT-105,DRUG-1,41,Female,Germany,Drug_B_50mg,10.0,2023-06-13,2023-10-26,Effective
P1472,CT-103,DRUG-2,42,Male,Germany,Drug_A_10mg,10.0,2023-05-17,2023-11-08,Withdrawn
P1473,CT-102,DRUG-1,63,Male,UK,Drug_A_10mg,100.0,2023-07-11,2023-09-26,Effective
P1474,CT-102,DRUG-2,42,Male,USA,Placebo,10.0,2023-05-19,2023-10-01,Withdrawn
P1475,CT-102,DRUG-2,26,Male,UK,Drug_B_50mg,100.0,2023-06-16,2023-11-10,Withdrawn
P1476,CT-101,DRUG-4,58,Female,USA,Drug_B_50mg,10.0,2023-08-20,2024-01-13,Completed
P1477,CT-102,DRUG-4,23,Female,USA,Drug_A_10mg,50.0,2023-08-14,2023-12-23,Adverse Event
P1478,CT-103,DRUG-4,39,Female,Japan,Drug_B_50mg,10.0,2023-09-22,2023-11-27,Effective
P1479,CT-104,DRUG-1,82,Male,Germany,Drug_B_50mg,20.0,2023-07-21,2023-12-03,Adverse Event
P1480,CT-102,DRUG-4,43,FEMALE,germany,Placebo,50.0,2023-03-25,2023-05-25,Completed
P1481,CT-101,DRUG-4,83,Male,UK,Drug_B_50mg,100.0,2023-01-23,2023-04-06,Adverse Event
P1482,CT-102,DRUG-2,36,Male,USA,Placebo,50.0,2023-06-08,2023-10-30,Adverse Event
P1483,CT-101,DRUG-2,43,Male,Japan,Drug_A_10mg,100.0,2023-09-12,2024-02-16,Completed
P1484,CT-104,DRUG-2,45,Female,UK,Placebo,100.0,2023-02-10,2023-03-13,Withdrawn
P1485,CT-103,DRUG-2,24,Male,Germany,Drug_A_10mg,50.0,2023-01-19,2023-03-27,Completed
P1486,CT-105,DRUG-3,60,Male,USA,Drug_A_10mg,100.0,2023-04-02,2023-06-12,Adverse Event
P1487,CT-105,DRUG-2,76,Female,USA,Drug_A_10mg,50.0,2023-06-15,2023-10-17,Effective
P1488,CT-104,DRUG-1,55,Female,Germany,Drug_A_10mg,50.0,2023-06-18,2023-11-29,Effective
P1489,CT-102,DRUG-1,31,Male,UK,Drug_B_50mg,50.0,2023-08-07,2023-11-26,Adverse Event
P1490,CT-105,DRUG-3,-5,Female,UK,Placebo,20.0,2023-04-30,2023-08-12,Withdrawn
P1491,CT-104,DRUG-1,190,Female,UK,Drug_A_10mg,50.0,2023-06-29,2023-12-19,Withdrawn
P1492,CT-103,DRUG-3,26,Female,Japan,Drug_B_50mg,50.0,2023-01-04,2023-03-04,Adverse Event
P1493,CT-105,DRUG-1,40,Male,Japan,Placebo,100.0,2023-08-31,2023-10-09,Withdrawn
P1494,CT-104,DRUG-3,77,Female,USA,Drug_B_50mg,50.0,2023-10-17,2024-02-04,Completed
P1495,CT-103,DRUG-3,26,Male,Japan,Drug_A_10mg,50.0,2023-07-12,2023-12-25,Withdrawn
P1496,CT-104,DRUG-2,32,Female,Japan,Drug_B_50mg,10.0,2023-05-20,2023-10-02,Completed
P1497,CT-102,DRUG-3,75,Female,Germany,Drug_B_50mg,50.0,2023-03-31,2023-05-28,Adverse Event
P1498,CT-102,DRUG-1,74,Male,UK,Drug_B_50mg,20.0,2023-04-08,2023-08-03,Effective
P1499,CT-105,DRUG-3,59,Male,USA,Drug_B_50mg,20.0,2023-04-16,2023-05-25,Effective
P1500,CT-105,DRUG-1,18,f,germany,Drug_B_50mg,10.0,2023-06-20,2023-11-16,Completed
P1501,CT-101,DRUG-3,44,Female,Germany,Drug_A_10mg,50.0,2023-05-22,2023-11-04,Adverse Event
P1502,CT-101,DRUG-3,37,Male,Japan,Drug_A_10mg,10.0,2023-10-14,2024-03-23,Completed
P1503,CT-103,DRUG-3,52,Male,Japan,Drug_B_50mg,20.0,2023-03-29,2023-05-16,Adverse Event
P1504,CT-103,DRUG-4,24,Male,USA,Placebo,10.0,2023-02-24,2023-02-04,Completed
P1505,CT-104,DRUG-2,75,Female,Japan,Placebo,20.0,2023-10-01,2023-11-20,Effective
P1506,CT-101,DRUG-4,30,Female,Japan,Drug_B_50mg,99999.0,2023-08-29,2023-11-26,Withdrawn
P1507,CT-103,DRUG-3,68,Male,Japan,Placebo,100.0,2023-09-07,2023-10-14,Completed
P1508,CT-103,DRUG-4,77,Male,Japan,Placebo,20.0,2023-09-18,2023-11-13,Effective
P1509,CT-101,DRUG-3,27,Female,UK,Placebo,100.0,2023-05-03,2023-08-03,Withdrawn
P1510,CT-104,DRUG-1,61,Male,UK,Placebo,50.0,2023-10-06,2024-01-04,Withdrawn
P1511,CT-101,DRUG-4,32,Female,Japan,Drug_B_50mg,10.0,2023-08-16,2023-10-30,Adverse Event
P1512,CT-101,DRUG-1,66,Female,UK,Drug_B_50mg,10.0,2023-02-16,2023-05-12,Withdrawn
P1513,CT-101,DRUG-2,37,Female,Japan,Placebo,100.0,2023-04-11,2023-07-02,Adverse Event
P1514,CT-103,DRUG-4,62,Male,USA,Drug_B_50mg,100.0,2023-03-07,2023-06-20,Completed
P1515,CT-105,DRUG-1,18,Female,USA,Placebo,10.0,2023-05-01,2023-09-18,Effective
P1516,CT-104,DRUG-4,66,Female,Germany,Drug_B_50mg,20.0,2023-09-01,2023-11-05,Withdrawn
P1517,CT-103,DRUG-4,37,Female,Germany,Drug_A_10mg,10.0,2023-02-06,2023-03-12,Withdrawn
P1518,CT-104,DRUG-4,35,Male,Germany,Drug_B_50mg,100.0,2023-08-22,2024-01-07,Withdrawn
P1519,CT-104,DRUG-4,67,Female,Germany,Drug_A_10mg,100.0,2023-01-04,2023-06-30,Effective
P1520,CT-102,DRUG-3,70,Female,USA,Drug_A_10mg,100.0,2023-07-08,2023-09-04,Effective
P1521,CT-101,DRUG-2,85,Female,UK,Drug_B_50mg,10.0,2023-09-25,2023-11-16,Withdrawn
P1522,CT-101,DRUG-3,24,Female,USA,Placebo,100.0,2023-09-20,2024-02-17,Adverse Event
P1523,CT-103,DRUG-3,39,Male,Japan,Drug_B_50mg,50.0,2023-02-01,2023-07-02,Withdrawn
P1524,CT-103,DRUG-1,54,Female,USA,Drug_A_10mg,10.0,2023-05-23,2023-08-25,Withdrawn
P1525,CT-103,DRUG-3,19,Male,Germany,Drug_B_50mg,20.0,2023-08-17,2023-12-19,Withdrawn
P1526,CT-102,DRUG-4,41,Male,Japan,Drug_A_10mg,20.0,2023-03-20,2023-08-23,Effective
P1527,CT-102,DRUG-4,39,Male,Japan,Drug_A_10mg,50.0,2023-03-01,2023-04-13,Withdrawn
P1528,CT-104,DRUG-3,78,Male,UK,Drug_B_50mg,100.0,2023-08-31,2023-12-06,Withdrawn
P1529,CT-104,DRUG-1,54,Female,UK,Drug_B_50mg,50.0,2023-09-29,2023-11-08,Completed
P1530,CT-103,DRUG-4,52,Female,Japan,Placebo,10.0,2023-05-11,2023-11-06,Effective
P1531,CT-102,DRUG-2,84,Female,Germany,Placebo,10.0,2023-01-05,2023-02-21,Completed
P1532,CT-105,DRUG-1,-5,Female,Germany,Drug_B_50mg,50.0,2023-05-09,2023-07-27,Completed
P1533,CT-101,DRUG-2,33,Male,USA,Drug_B_50mg,20.0,2023-07-12,2024-01-02,Withdrawn
P1534,CT-102,DRUG-3,55,Female,USA,Drug_B_50mg,100.0,2023-05-22,2023-10-08,Adverse Event
P1535,CT-101,DRUG-3,25,Female,UK,Placebo,10.0,2023-05-13,2023-08-18,Withdrawn
P1536,CT-104,DRUG-2,68,Male,UK,Drug_A_10mg,20.0,2023-10-04,2024-02-21,Withdrawn
P1537,CT-101,DRUG-4,ninety,Male,USA,Drug_A_10mg,10.0,2023-10-20,2024-01-22,Effective
P1538,CT-102,DRUG-1,22,Female,Japan,Drug_A_10mg,50.0,2023-07-20,2024-01-13,Completed
P1539,CT-104,DRUG-4,73,Female,USA,Drug_B_50mg,99999.0,2023-01-02,2023-05-10,Effective
P1540,CT-103,DRUG-3,56,Female,USA,Drug_B_50mg,10.0,2023-07-07,2023-06-17,Adverse Event
P1541,CT-104,DRUG-3,43,Male,USA,Placebo,20.0,2023-06-03,2023-10-10,Completed
P1542,CT-103,DRUG-4,28,Female,Germany,Drug_A_10mg,10.0,2023-04-09,2023-05-15,Withdrawn
P1543,CT-101,DRUG-3,81,Female,USA,Drug_A_10mg,50.0,2023-01-29,2023-05-25,Completed
P1544,CT-102,DRUG-4,37,Male,USA,Drug_A_10mg,20.0,2023-09-08,2023-10-12,Effective
P1545,CT-105,DRUG-1,49,Male,USA,Drug_A_10mg,10.0,2023-06-07,2023-07-31,Effective
P1546,CT-105,DRUG-1,31,Male,UK,Drug_B_50mg,20.0,2023-02-02,2023-04-24,Effective
P1547,CT-104,DRUG-3,33,Male,Japan,Drug_A_10mg,-50.0,2023-03-30,2023-07-23,Completed
P1548,CT-104,DRUG-2,65,Male,UK,Drug_A_10mg,10.0,2023-03-10,2023-05-04,Effective
P1549,CT-101,DRUG-4,28,Male,USA,Drug_A_10mg,10.0,2023-05-26,2023-10-09,Effective
P1550,CT-102,DRUG-2,52,Female,UK,Drug_A_10mg,20.0,2023-01-20,2023-04-06,Effective
P1551,CT-101,DRUG-3,62,Female,USA,Drug_B_50mg,20.0,2023-04-09,2023-06-08,Completed
P1552,CT-105,DRUG-2,77,Male,Japan,Drug_A_10mg,20.0,2023-02-27,2023-05-06,Effective
P1553,CT-102,DRUG-1,24,Female,Japan,,100.0,2023-05-09,2023-09-01,
P1554,CT-101,DRUG-2,38,Male,UK,Drug_B_50mg,10.0,2023-02-06,2023-05-07,Effective
P1555,CT-103,DRUG-4,43,Female,Germany,Drug_A_10mg,50.0,2023-04-27,2023-06-21,Withdrawn
P1556,CT-102,DRUG-4,46,Male,UK,Drug_B_50mg,100.0,2023-01-28,2023-06-18,Withdrawn
P1557,CT-105,DRUG-4,40,Female,Japan,Drug_A_10mg,100.0,2023-04-10,2023-08-09,Adverse Event
P1558,CT-102,DRUG-1,25,Female,Germany,Drug_A_10mg,100.0,2023-08-23,2024-01-07,Withdrawn
P1559,CT-102,DRUG-3,38,Male,Germany,Drug_A_10mg,100.0,2023-09-25,2024-02-27,Withdrawn
P1560,CT-104,DRUG-3,19,Female,Germany,Drug_A_10mg,50.0,2023-08-11,2024-02-05,Withdrawn
P1561,CT-105,DRUG-2,18,Female,USA,Drug_A_10mg,100.0,2023-09-16,2023-10-24,Effective
P1562,CT-104,DRUG-1,75,Female,Germany,Drug_A_10mg,10.0,2023-07-28,2023-10-21,Withdrawn
P1563,CT-102,DRUG-1,20,Female,Japan,Drug_A_10mg,100.0,2023-10-20,2024-04-16,Completed
P1564,CT-104,DRUG-2,69,Male,Japan,Drug_B_50mg,100.0,2023-01-01,2023-02-18,Effective
P1565,CT-103,DRUG-1,55,Female,Japan,Drug_B_50mg,20.0,2023-02-11,2023-06-06,Completed
P1566,CT-103,DRUG-1,32,Female,Japan,Placebo,10.0,2023-07-07,2023-11-07,Withdrawn
P1567,CT-101,DRUG-2,35,Female,Germany,Drug_B_50mg,10.0,2023-09-02,2024-02-27,Withdrawn
P1568,CT-102,DRUG-3,63,Female,UK,Placebo,10.0,2023-02-02,2023-06-07,Adverse Event
P1569,CT-105,DRUG-1,78,Female,UK,Drug_B_50mg,50.0,2023-02-03,2023-01-14,Effective
P1570,CT-104,DRUG-2,54,Male,USA,Drug_A_10mg,50.0,2023-02-27,2023-05-05,Effective
P1571,CT-102,DRUG-1,55,Female,Germany,Placebo,50.0,2023-08-04,2023-12-25,Completed
P1572,CT-101,DRUG-1,47,Female,UK,Drug_B_50mg,50.0,2023-06-17,2023-11-18,Effective
P1573,CT-105,DRUG-2,57,Male,Japan,Drug_A_10mg,INVALID_DOSAGE,2023-07-10,2023-10-21,Completed
P1574,CT-104,DRUG-2,38,Female,Germany,,20.0,2023-03-24,2023-06-22,
P1575,CT-103,DRUG-2,74,Female,Japan,Drug_A_10mg,20.0,2023-10-15,2023-11-22,Adverse Event
P1576,CT-102,DRUG-3,75,Male,Japan,Drug_A_10mg,10.0,2023-07-27,2023-12-31,Withdrawn
P1577,CT-103,DRUG-2,18,Female,Japan,Placebo,50.0,2023-10-21,2023-12-27,Effective
P1578,CT-101,DRUG-4,23,Male,USA,Placebo,10.0,2023-07-25,2023-10-19,Effective
P1579,CT-103,DRUG-1,42,Male,Japan,Drug_A_10mg,10.0,2023-02-12,2023-07-29,Effective
P1580,CT-101,DRUG-4,42,Female,Japan,Drug_B_50mg,10.0,2023-07-04,2023-11-12,Withdrawn
P1581,CT-104,DRUG-3,67,Female,USA,Placebo,50.0,2023-06-29,2023-10-15,Effective
P1582,CT-101,DRUG-2,74,Female,UK,Placebo,20.0,2023-08-06,2023-12-20,Withdrawn
P1583,CT-105,DRUG-1,,Male,Japan,Placebo,50.0,2023-02-03,2023-06-09,Completed
P1584,CT-104,DRUG-2,77,Male,Germany,,100.0,2023-05-29,2023-11-16,
P1585,CT-103,DRUG-3,81,Female,Germany,Drug_A_10mg,10.0,2023-03-20,2023-06-25,Adverse Event
P1586,CT-104,DRUG-1,54,Female,Germany,Placebo,20.0,2023-01-15,2023-03-16,Adverse Event
P1587,CT-101,DRUG-3,79,Female,Japan,Drug_B_50mg,100.0,2023-03-03,2023-07-06,Completed
P1588,CT-102,DRUG-1,36,Female,UK,Drug_B_50mg,20.0,2023-07-02,2023-09-11,Completed
P1589,CT-104,DRUG-3,24,Female,Japan,Drug_B_50mg,10.0,2023-09-21,2023-12-09,Withdrawn
P1590,CT-105,DRUG-2,59,Female,Japan,Placebo,50.0,2023-02-19,2023-08-04,Adverse Event
P1591,CT-101,DRUG-2,84,Female,Japan,Placebo,100.0,2023-06-24,2023-09-03,Completed
P1592,CT-105,DRUG-2,42,Male,UK,Placebo,10.0,2023-03-01,2023-05-03,Completed
P1593,CT-103,DRUG-3,35,Female,Japan,Drug_A_10mg,99999.0,2023-01-15,2023-03-16,Withdrawn
P1594,CT-102,DRUG-2,ninety,Male,Germany,Drug_A_10mg,10.0,2023-08-06,2023-10-03,Completed
P1595,CT-104,DRUG-1,43,Male,USA,,10.0,2023-08-29,2023-10-28,
P1596,CT-103,DRUG-1,30,f,germany,Drug_B_50mg,20.0,2023-04-05,2023-08-02,Completed
P1597,CT-105,DRUG-3,63,Male,Germany,Drug_B_50mg,10.0,2023-02-20,2023-08-17,Completed
P1598,CT-102,DRUG-3,39,Male,USA,Drug_A_10mg,100.0,2023-07-07,2024-01-03,Withdrawn
P1599,CT-101,DRUG-2,63,Female,UK,Drug_A_10mg,-50.0,2023-07-28,2023-09-24,Adverse Event
P1600,CT-105,DRUG-2,81,MALE,JAPAN,Drug_B_50mg,10.0,2023-02-12,2023-06-05,Effective
P1601,CT-105,DRUG-3,74,Male,UK,Placebo,100.0,2023-04-07,2023-05-24,Effective
P1602,CT-103,DRUG-2,19,Female,USA,Placebo,INVALID_DOSAGE,2023-09-25,2023-11-15,Completed
P1603,CT-105,DRUG-1,39,Male,Japan,Drug_A_10mg,50.0,2023-04-13,2023-08-24,Completed
P1604,CT-104,DRUG-4,53,Female,UK,Placebo,INVALID_DOSAGE,2023-07-27,2023-12-28,Adverse Event
P1605,CT-101,DRUG-1,50,Female,UK,Drug_A_10mg,20.0,2023-01-16,2023-03-12,Completed
P1606,CT-104,DRUG-1,40,Female,Japan,Drug_A_10mg,50.0,2023-02-19,2023-04-09,Effective
P1607,CT-102,DRUG-3,81,Female,Japan,Drug_B_50mg,50.0,2023-10-04,2024-03-21,Completed
P1608,CT-101,DRUG-4,33,Female,UK,,100.0,2023-08-15,2024-01-09,
P1609,CT-105,DRUG-3,39,Female,UK,Drug_A_10mg,50.0,2023-07-19,2023-12-20,Completed
P1610,CT-104,DRUG-4,78,Male,USA,Placebo,50.0,2023-09-11,2024-01-15,Adverse Event
P1611,CT-103,DRUG-3,25,Male,USA,Drug_A_10mg,50.0,2023-06-28,2023-12-24,Completed
P1612,CT-103,DRUG-4,30,Female,Japan,Placebo,100.0,2023-06-29,2023-08-12,Withdrawn
P1613,CT-103,DRUG-1,26,Female,USA,,20.0,2023-01-11,2023-06-27,
P1614,CT-104,DRUG-4,52,Male,UK,Drug_B_50mg,10.0,2023-06-12,2023-10-16,Effective
P1615,CT-101,DRUG-4,30,Male,Japan,Placebo,50.0,2023-03-27,2023-07-11,Adverse Event
P1616,CT-102,DRUG-4,27,Male,Japan,Placebo,10.0,2023-06-02,2023-11-25,Effective
P1617,CT-105,DRUG-1,30,Female,Japan,Drug_A_10mg,100.0,2023-08-07,2023-10-29,Adverse Event
P1618,CT-103,DRUG-3,73,Female,Germany,Placebo,100.0,2023-05-09,2023-10-17,Effective
P1619,CT-105,DRUG-2,20,Male,UK,Drug_A_10mg,100.0,2023-05-18,2023-10-31,Effective
P1620,CT-101,DRUG-2,64,Female,Germany,Drug_A_10mg,20.0,2023-06-03,2023-10-22,Effective
P1621,CT-101,DRUG-2,70,Female,Japan,Drug_B_50mg,20.0,2023-05-12,2023-08-10,Effective
P1622,CT-102,DRUG-2,21,Male,Japan,Placebo,100.0,2023-10-14,2024-03-03,Effective
P1623,CT-101,DRUG-2,38,Female,Germany,Drug_A_10mg,50.0,2023-05-23,2023-11-09,Withdrawn
P1624,CT-101,DRUG-4,20,Male,USA,Placebo,50.0,2023-02-02,2023-06-16,Adverse Event
P1625,CT-101,DRUG-4,35,Male,USA,Drug_B_50mg,10.0,2023-09-25,2024-03-21,Adverse Event
P1626,CT-101,DRUG-2,33,Female,Japan,Drug_B_50mg,-50.0,2023-05-01,2023-09-16,Withdrawn
P1627,CT-102,DRUG-3,74,Female,Japan,Drug_B_50mg,10.0,2023-09-09,2024-02-22,Adverse Event
P1628,CT-101,DRUG-3,72,Female,Germany,Placebo,20.0,2023-07-05,2023-12-03,Adverse Event
P1629,CT-101,DRUG-1,24,Male,Japan,Drug_B_50mg,100.0,2023-06-08,2023-10-08,Completed
P1630,CT-102,DRUG-4,67,Male,UK,Placebo,50.0,2023-02-16,2023-05-17,Adverse Event
P1631,CT-102,DRUG-4,58,Female,USA,Placebo,10.0,2023-09-09,2024-02-06,Effective
P1632,CT-103,DRUG-4,30,Male,Japan,Drug_B_50mg,10.0,2023-06-30,2023-11-14,Adverse Event
P1633,CT-101,DRUG-1,41,Female,Germany,Drug_A_10mg,100.0,2023-04-13,2023-07-30,Adverse Event
P1634,CT-101,DRUG-2,49,Male,UK,Placebo,100.0,2023-09-02,2023-11-05,Adverse Event
P1635,CT-105,DRUG-3,54,Male,USA,Placebo,50.0,2023-04-04,2023-08-12,Effective
P1636,CT-105,DRUG-2,20,Male,Germany,,100.0,2023-04-12,2023-07-18,
P1637,CT-105,DRUG-4,51,Male,USA,Placebo,20.0,2023-10-18,2023-12-17,Completed
P1638,CT-104,DRUG-4,81,Male,Germany,Drug_B_50mg,20.0,2023-04-08,2023-07-15,Adverse Event
P1639,CT-104,DRUG-2,73,Male,Germany,Placebo,20.0,2023-08-03,2023-10-18,Effective
P1640,CT-101,DRUG-3,190,Male,UK,Drug_A_10mg,50.0,2023-10-26,2024-03-21,Completed
P1641,CT-103,DRUG-4,45,Female,UK,,50.0,2023-02-07,2023-04-02,
P1642,CT-102,DRUG-4,63,Male,USA,Placebo,99999.0,2023-06-04,2023-10-13,Adverse Event
P1643,CT-101,DRUG-2,51,Male,UK,Placebo,100.0,2023-03-09,2023-04-30,Adverse Event
P1644,CT-104,DRUG-2,51,Male,Japan,Drug_A_10mg,20.0,2023-09-13,2023-12-23,Adverse Event
P1645,CT-103,DRUG-3,51,Female,UK,,50.0,2023-09-09,2023-11-16,
P1646,CT-102,DRUG-1,47,FEMALE,US,Placebo,50.0,2023-03-25,2023-08-21,Effective
P1647,CT-104,DRUG-3,80,Female,UK,Drug_A_10mg,20.0,2023-03-05,2023-07-02,Completed
P1648,CT-103,DRUG-2,39,Female,Germany,Drug_B_50mg,10.0,2023-09-27,2024-03-21,Withdrawn
P1649,CT-101,DRUG-2,81,Male,Japan,Drug_A_10mg,50.0,2023-03-04,2023-07-12,Adverse Event
P1650,CT-101,DRUG-3,37,Male,USA,Placebo,100.0,2023-08-21,2023-11-27,Completed
P1651,CT-101,DRUG-4,59,Male,Germany,Drug_A_10mg,50.0,2023-06-15,2023-07-29,Completed
P1652,CT-105,DRUG-4,29,Female,Japan,Drug_A_10mg,20.0,2023-07-24,2023-09-14,Completed
P1653,CT-102,DRUG-4,69,Female,Germany,Drug_A_10mg,50.0,2023-09-09,2024-01-27,Adverse Event
P1654,CT-105,DRUG-2,63,Male,Japan,Drug_B_50mg,20.0,2023-09-08,2024-01-30,Effective
P1655,CT-105,DRUG-4,29,Female,Japan,,20.0,2023-08-11,2023-12-28,
P1656,CT-103,DRUG-4,46,Male,UK,Drug_B_50mg,10.0,2023-05-29,2023-05-09,Effective
P1657,CT-104,DRUG-3,37,Male,Japan,Drug_A_10mg,100.0,2023-06-01,2023-11-23,Completed
P1658,CT-101,DRUG-1,83,Female,UK,Drug_A_10mg,100.0,2023-10-19,2024-01-21,Adverse Event
P1659,CT-101,DRUG-1,32,Female,Germany,Drug_A_10mg,100.0,2023-01-24,2023-03-16,Effective
P1660,CT-103,DRUG-3,76,Female,Japan,Placebo,20.0,2023-04-19,2023-07-05,Completed
P1661,CT-105,DRUG-3,31,Female,USA,Drug_A_10mg,100.0,2023-03-01,2023-04-03,Withdrawn
P1662,CT-104,DRUG-4,80,Female,Japan,Drug_B_50mg,-50.0,2023-06-04,2023-07-26,Withdrawn
P1663,CT-101,DRUG-1,42,Male,Germany,Placebo,20.0,2023-05-04,2023-04-14,Withdrawn
P1664,CT-104,DRUG-2,78,Female,USA,Drug_A_10mg,20.0,2023-03-20,2023-08-10,Effective
P1665,CT-104,DRUG-2,43,Female,UK,Drug_A_10mg,50.0,2023-01-05,2023-03-02,Effective
P1666,CT-104,DRUG-3,22,Female,UK,Placebo,100.0,2023-04-29,2023-06-13,Completed
P1667,CT-103,DRUG-1,,Female,UK,Drug_A_10mg,100.0,2023-06-27,2023-11-18,Effective
P1668,CT-102,DRUG-4,62,Female,Germany,Drug_B_50mg,INVALID_DOSAGE,2023-10-28,2024-02-21,Effective
P1669,CT-104,DRUG-4,64,Female,Germany,Drug_B_50mg,-50.0,2023-05-25,2023-07-16,Effective
P1670,CT-102,DRUG-4,30,Female,UK,Placebo,20.0,2023-04-18,2023-10-07,Completed
P1671,CT-103,DRUG-3,63,F,US,Drug_B_50mg,10.0,2023-02-02,2023-05-29,Effective
P1672,CT-105,DRUG-2,80,Female,Japan,Placebo,10.0,2023-10-13,2024-01-19,Withdrawn
P1673,CT-105,DRUG-1,24,Female,UK,Drug_A_10mg,10.0,2023-02-22,2023-08-14,Completed
P1674,CT-102,DRUG-1,44,Female,Germany,Drug_B_50mg,50.0,2023-08-15,2024-01-21,Effective
P1675,CT-101,DRUG-2,64,Female,Germany,Drug_A_10mg,20.0,2023-08-13,2023-12-27,Completed
P1676,CT-104,DRUG-3,54,Male,USA,Placebo,50.0,2023-08-01,2023-12-01,Withdrawn
P1677,CT-105,DRUG-4,47,Male,UK,Placebo,100.0,2023-08-23,2024-02-01,Adverse Event
P1678,CT-104,DRUG-2,19,Male,USA,Placebo,50.0,2023-07-25,2023-07-05,Effective
P1679,CT-101,DRUG-2,25,Female,UK,Placebo,50.0,2023-06-10,2023-10-06,Completed
P1680,CT-105,DRUG-2,69,Female,Germany,Drug_B_50mg,100.0,2023-06-26,2023-11-06,Withdrawn
P1681,CT-101,DRUG-1,60,Female,Germany,Drug_B_50mg,50.0,2023-04-20,2023-06-12,Adverse Event
P1682,CT-102,DRUG-1,21,Female,Germany,Placebo,100.0,2023-09-16,2023-11-13,Completed
P1683,CT-103,DRUG-3,33,Male,USA,Placebo,50.0,2023-10-21,2023-11-21,Effective
P1684,CT-102,DRUG-2,62,m,UNITED STATES,Drug_B_50mg,20.0,2023-07-13,2023-12-23,Withdrawn
P1685,CT-103,DRUG-4,30,Male,UK,Placebo,10.0,2023-02-17,2023-04-03,Effective
P1686,CT-104,DRUG-2,75,Male,Japan,Drug_B_50mg,100.0,2023-10-14,2024-03-24,Effective
P1687,CT-105,DRUG-4,72,Female,UK,Drug_B_50mg,100.0,2023-03-25,2023-05-30,Withdrawn
P1688,CT-104,DRUG-2,83,Male,Germany,Placebo,100.0,2023-01-17,2023-03-28,Adverse Event
P1689,CT-101,DRUG-4,32,MALE,germany,Drug_B_50mg,50.0,2023-01-21,2023-07-03,Withdrawn
P1690,CT-103,DRUG-3,80,Male,Germany,Drug_A_10mg,100.0,2023-01-25,2023-05-13,Adverse Event
P1691,CT-104,DRUG-1,33,Female,USA,Drug_A_10mg,100.0,2023-09-04,2024-02-27,Adverse Event
P1692,CT-103,DRUG-4,78,Male,Germany,Drug_B_50mg,100.0,2023-08-19,2024-01-10,Withdrawn
P1693,CT-103,DRUG-1,70,Female,Germany,Placebo,50.0,2023-10-04,2023-11-14,Effective
P1694,CT-101,DRUG-2,21,Female,USA,Drug_B_50mg,10.0,2023-04-09,2023-09-24,Completed
P1695,CT-105,DRUG-2,78,Male,USA,Drug_B_50mg,20.0,2023-01-10,2023-04-20,Withdrawn
P1696,CT-105,DRUG-4,28,Female,UK,Drug_B_50mg,10.0,2023-09-09,2023-10-14,Adverse Event
P1697,CT-104,DRUG-1,85,Female,UK,Placebo,10.0,2023-02-28,2023-04-24,Withdrawn
P1698,CT-102,DRUG-3,-5,Male,Japan,Placebo,20.0,2023-01-31,2023-05-24,Withdrawn
P1699,CT-103,DRUG-4,30,Female,Germany,,50.0,2023-05-13,2023-09-16,
P1700,CT-102,DRUG-2,81,Female,USA,Placebo,10.0,2023-06-12,2023-05-23,Effective
P1701,CT-101,DRUG-4,47,Male,Japan,Drug_B_50mg,10.0,2023-05-07,2023-10-26,Withdrawn
P1702,CT-104,DRUG-4,28,Male,Germany,Placebo,20.0,2023-05-06,2023-10-20,Effective
P1703,CT-105,DRUG-4,23,Male,UK,Drug_B_50mg,50.0,2023-03-27,2023-04-26,Completed
P1704,CT-104,DRUG-3,50,Female,Japan,,20.0,2023-10-27,2024-04-04,
P1705,CT-105,DRUG-1,56,Male,UK,Drug_B_50mg,10.0,2023-03-13,2023-09-01,Adverse Event
P1706,CT-102,DRUG-3,61,Female,UK,Placebo,20.0,2023-06-14,2023-10-09,Withdrawn
P1707,CT-105,DRUG-3,20,Male,USA,Drug_B_50mg,100.0,2023-01-03,2023-02-04,Withdrawn
P1708,CT-104,DRUG-4,28,Male,USA,Drug_B_50mg,100.0,2023-03-05,2023-07-03,Effective
P1709,CT-103,DRUG-4,40,Male,USA,Placebo,50.0,2023-04-09,2023-08-30,Completed
P1710,CT-101,DRUG-3,63,Male,USA,Drug_B_50mg,50.0,2023-04-24,2023-07-22,Effective
P1711,CT-101,DRUG-3,81,Male,USA,Drug_A_10mg,100.0,2023-02-26,2023-06-07,Effective
P1712,CT-102,DRUG-2,26,Male,USA,Drug_A_10mg,50.0,2023-10-19,2024-01-15,Adverse Event
P1713,CT-101,DRUG-3,76,Male,UK,Drug_B_50mg,10.0,2023-06-15,2023-11-02,Effective
P1714,CT-105,DRUG-4,81,Female,USA,Drug_B_50mg,20.0,2023-01-25,2023-05-06,Effective
P1715,CT-103,DRUG-1,68,Male,Japan,Drug_A_10mg,10.0,2023-04-26,2023-09-11,Completed
P1716,CT-102,DRUG-2,60,Female,USA,Drug_B_50mg,10.0,2023-01-15,2023-06-16,Effective
P1717,CT-105,DRUG-3,50,Male,USA,Placebo,20.0,2023-06-24,2023-08-06,Adverse Event
P1718,CT-102,DRUG-1,74,Male,UK,Drug_B_50mg,10.0,2023-02-13,2023-03-30,Completed
P1719,CT-101,DRUG-2,25,Female,USA,Placebo,100.0,2023-02-03,2023-03-31,Completed
P1720,CT-103,DRUG-4,69,Male,UK,Drug_A_10mg,10.0,2023-08-21,2023-12-27,Effective
P1721,CT-105,DRUG-1,61,m,US,Drug_B_50mg,50.0,2023-10-28,2024-01-15,Completed
P1722,CT-105,DRUG-2,34,Female,Japan,Placebo,-50.0,2023-08-16,2023-11-01,Withdrawn
P1723,CT-101,DRUG-2,57,Female,Japan,Placebo,20.0,2023-03-17,2023-08-14,Adverse Event
P1724,CT-103,DRUG-3,19,Male,USA,Drug_A_10mg,10.0,2023-08-05,2023-12-01,Withdrawn
P1725,CT-102,DRUG-1,61,Male,UK,Drug_B_50mg,100.0,2023-06-19,2023-12-14,Adverse Event
P1726,CT-104,DRUG-3,38,Male,UK,Drug_A_10mg,100.0,2023-04-23,2023-05-23,Withdrawn
P1727,CT-104,DRUG-2,48,Female,Japan,Drug_B_50mg,100.0,2023-04-16,2023-08-26,Withdrawn
P1728,CT-101,DRUG-3,19,Male,Japan,Drug_A_10mg,10.0,2023-03-14,2023-06-26,Effective
P1729,CT-105,DRUG-3,23,Male,Germany,Drug_A_10mg,50.0,2023-03-31,2023-06-25,Adverse Event
P1730,CT-103,DRUG-2,40,Male,USA,Drug_A_10mg,50.0,2023-02-21,2023-03-28,Withdrawn
P1731,CT-101,DRUG-3,44,Female,UK,Drug_A_10mg,50.0,2023-07-10,2023-09-21,Effective
P1732,CT-101,DRUG-1,36,Male,Germany,Drug_A_10mg,100.0,2023-07-11,2023-10-30,Effective
P1733,CT-102,DRUG-1,42,Female,Germany,Placebo,20.0,2023-01-28,2023-05-09,Withdrawn
P1734,CT-105,DRUG-4,44,Male,UK,Drug_B_50mg,10.0,2023-03-27,2023-09-03,Effective
P1735,CT-105,DRUG-3,81,Female,Germany,Placebo,50.0,2023-09-27,2024-02-27,Effective
P1736,CT-105,DRUG-4,22,Male,Germany,Drug_A_10mg,100.0,2023-05-01,2023-09-09,Withdrawn
P1737,CT-104,DRUG-2,65,Female,USA,Drug_A_10mg,10.0,2023-06-01,2023-10-22,Adverse Event
P1738,CT-101,DRUG-4,83,Female,UK,Placebo,100.0,2023-08-10,2023-12-22,Adverse Event
P1739,CT-103,DRUG-3,66,Male,Germany,Placebo,20.0,2023-05-16,2023-07-04,Adverse Event
P1740,CT-103,DRUG-1,53,Male,USA,Drug_A_10mg,10.0,2023-07-04,2023-08-12,Withdrawn
P1741,CT-103,DRUG-3,56,Female,Germany,Drug_B_50mg,20.0,2023-10-06,2024-01-10,Completed
P1742,CT-103,DRUG-3,69,Female,USA,Placebo,20.0,2023-07-23,2023-10-19,Withdrawn
P1743,CT-102,DRUG-4,47,Female,UK,Placebo,10.0,2023-06-10,2023-08-27,Effective
P1744,CT-104,DRUG-2,74,Female,USA,Placebo,20.0,2023-10-23,2023-12-24,Adverse Event
P1745,CT-101,DRUG-4,63,Female,Germany,Placebo,100.0,2023-07-26,2024-01-09,Adverse Event
P1746,CT-101,DRUG-1,35,Male,Japan,Drug_B_50mg,100.0,2023-07-15,2023-06-25,Effective
P1747,CT-104,DRUG-2,78,m,UNITED STATES,Drug_B_50mg,100.0,2023-06-05,2023-07-28,Withdrawn
P1748,CT-101,DRUG-4,21,Male,Germany,Drug_A_10mg,100.0,2023-05-26,2023-08-16,Withdrawn
P1749,CT-105,DRUG-1,76,Male,Japan,Drug_B_50mg,10.0,2023-03-29,2023-07-20,Effective
P1750,CT-101,DRUG-2,71,Female,USA,Placebo,20.0,2023-03-08,2023-05-29,Adverse Event
P1751,CT-104,DRUG-2,57,Male,UK,Placebo,20.0,2023-01-04,2022-12-15,Effective
P1752,CT-104,DRUG-2,85,Female,UK,Placebo,100.0,2023-10-22,2023-12-01,Completed
P1753,CT-104,DRUG-3,56,Female,Germany,Placebo,20.0,2023-04-02,2023-08-20,Effective
P1754,CT-102,DRUG-1,68,Male,Germany,Drug_A_10mg,50.0,2023-10-03,2024-01-15,Completed
P1755,CT-102,DRUG-4,70,Male,Japan,Drug_A_10mg,10.0,2023-09-16,2024-01-07,Effective
P1756,CT-103,DRUG-2,82,Male,UK,Drug_A_10mg,10.0,2023-08-25,2023-12-30,Adverse Event
P1757,CT-102,DRUG-4,22,Male,Japan,Drug_A_10mg,20.0,2023-06-17,2023-11-12,Effective
P1758,CT-101,DRUG-2,74,Male,UK,Placebo,20.0,2023-03-29,2023-05-02,Completed
P1759,CT-101,DRUG-4,39,Male,USA,Drug_B_50mg,50.0,2023-03-20,2023-08-09,Adverse Event
P1760,CT-101,DRUG-2,74,Male,USA,,50.0,2023-08-16,2023-09-28,
P1761,CT-104,DRUG-2,49,Female,Germany,Drug_A_10mg,10.0,2023-01-09,2023-05-26,Completed
P1762,CT-103,DRUG-2,26,Male,USA,Drug_B_50mg,20.0,2023-03-27,2023-05-07,Effective
P1763,CT-103,DRUG-3,42,Male,UK,Placebo,10.0,2023-04-29,2023-07-22,Completed
P1764,CT-102,DRUG-1,69,Female,USA,Placebo,20.0,2023-08-23,2023-11-17,Completed
P1765,CT-103,DRUG-3,23,Male,Germany,Placebo,50.0,2023-09-13,2023-11-08,Withdrawn
P1766,CT-101,DRUG-3,ninety,Male,Japan,Drug_A_10mg,50.0,2023-09-04,2023-10-21,Adverse Event
P1767,CT-104,DRUG-2,82,Male,Germany,Drug_A_10mg,10.0,2023-06-08,2023-09-06,Effective
P1768,CT-105,DRUG-1,25,Male,Japan,Placebo,50.0,2023-04-14,2023-06-21,Effective
P1769,CT-101,DRUG-2,74,Female,Germany,Placebo,50.0,2023-01-21,2023-07-03,Effective
P1770,CT-103,DRUG-1,47,Female,Japan,Drug_A_10mg,20.0,2023-10-04,2023-11-16,Withdrawn
P1771,CT-102,DRUG-4,84,Female,Germany,Placebo,10.0,2023-02-03,2023-07-08,Completed
P1772,CT-101,DRUG-2,44,Male,USA,Drug_A_10mg,20.0,2023-05-01,2023-10-07,Completed
P1773,CT-104,DRUG-3,39,Male,Germany,Placebo,20.0,2023-05-08,2023-08-23,Adverse Event
P1774,CT-102,DRUG-3,79,Male,Japan,Placebo,100.0,2023-03-27,2023-08-24,Effective
P1775,CT-105,DRUG-4,37,Female,USA,Placebo,100.0,2023-02-12,2023-05-29,Withdrawn
P1776,CT-102,DRUG-3,66,Female,Japan,Placebo,50.0,2023-07-12,2023-06-22,Effective
P1777,CT-102,DRUG-4,43,Male,Germany,Drug_A_10mg,10.0,2023-09-14,2024-01-17,Effective
P1778,CT-104,DRUG-4,65,Female,UK,Placebo,10.0,2023-07-29,2023-09-06,Completed
P1779,CT-105,DRUG-2,42,Female,Japan,Drug_B_50mg,50.0,2023-09-18,2024-02-20,Adverse Event
P1780,CT-104,DRUG-4,49,Male,UK,Drug_A_10mg,50.0,2023-01-15,2023-03-23,Adverse Event
P1781,CT-102,DRUG-3,49,Male,USA,Drug_A_10mg,10.0,2023-07-16,2023-11-24,Completed
P1782,CT-102,DRUG-4,39,Female,Japan,Drug_B_50mg,50.0,2023-09-14,2024-02-27,Effective
P1783,CT-104,DRUG-1,31,Female,Germany,Placebo,20.0,2023-07-23,2023-11-08,Completed
P1784,CT-104,DRUG-1,30,Male,UK,Drug_B_50mg,100.0,2023-05-28,2023-10-15,Withdrawn
P1785,CT-102,DRUG-2,43,Female,Germany,Drug_B_50mg,10.0,2023-08-19,2024-02-10,Withdrawn
P1786,CT-101,DRUG-2,42,Female,UK,Placebo,10.0,2023-03-27,2023-03-07,Adverse Event
P1787,CT-101,DRUG-3,,Female,USA,Drug_B_50mg,20.0,2023-09-02,2024-02-03,Completed
P1788,CT-101,DRUG-1,30,Male,USA,Placebo,50.0,2023-09-06,2024-02-04,Adverse Event
P1789,CT-103,DRUG-3,61,Female,Germany,Placebo,100.0,2023-07-13,2023-08-26,Adverse Event
P1790,CT-101,DRUG-1,76,Female,Germany,Drug_A_10mg,10.0,2023-09-29,2024-01-08,Withdrawn
P1791,CT-105,DRUG-4,83,Female,Germany,Drug_A_10mg,50.0,2023-01-09,2023-05-11,Completed
P1792,CT-103,DRUG-4,47,Female,UK,Drug_B_50mg,10.0,2023-06-28,2023-11-14,Effective
P1793,CT-101,DRUG-4,55,Male,Germany,Drug_B_50mg,10.0,2023-03-07,2023-08-11,Completed
P1794,CT-105,DRUG-4,39,Female,USA,Placebo,20.0,2023-05-05,2023-07-28,Withdrawn
P1795,CT-101,DRUG-1,73,Male,Germany,Placebo,100.0,2023-05-24,2023-08-18,Adverse Event
P1796,CT-101,DRUG-2,80,Male,Japan,Drug_A_10mg,10.0,2023-06-25,2023-10-29,Effective
P1797,CT-105,DRUG-4,47,Male,Japan,Drug_A_10mg,50.0,2023-02-14,2023-04-13,Completed
P1798,CT-105,DRUG-2,32,Female,Germany,Placebo,100.0,2023-10-23,2023-10-03,Adverse Event
P1799,CT-105,DRUG-2,67,Female,Japan,Placebo,20.0,2023-09-24,2023-12-19,Completed
P1800,CT-105,DRUG-4,58,Male,Japan,Drug_A_10mg,99999.0,2023-08-22,2023-10-28,Adverse Event
P1801,CT-101,DRUG-3,57,Male,Japan,Drug_B_50mg,100.0,2023-04-21,2023-09-24,Adverse Event
P1802,CT-104,DRUG-1,60,Male,Germany,Drug_B_50mg,20.0,2023-01-27,2023-04-12,Effective
P1803,CT-103,DRUG-2,20,Female,Japan,Placebo,100.0,2023-06-28,2023-06-08,Effective
P1804,CT-103,DRUG-3,42,Female,USA,Drug_A_10mg,50.0,2023-10-25,2023-12-07,Adverse Event
P1805,CT-102,DRUG-2,74,Female,Japan,Drug_A_10mg,20.0,2023-04-22,2023-07-11,Completed
P1806,CT-105,DRUG-1,36,Female,UK,Drug_B_50mg,20.0,2023-01-29,2023-03-24,Adverse Event
P1807,CT-102,DRUG-1,33,Female,UK,Drug_A_10mg,100.0,2023-05-06,2023-06-13,Completed
P1808,CT-104,DRUG-3,-5,Female,USA,Placebo,100.0,2023-05-21,2023-10-11,Adverse Event
P1809,CT-101,DRUG-1,80,Male,USA,Drug_B_50mg,100.0,2023-05-21,2023-07-14,Withdrawn
P1810,CT-104,DRUG-3,34,Male,Japan,Drug_A_10mg,20.0,2023-07-27,2023-08-31,Effective
P1811,CT-105,DRUG-4,26,Male,Germany,Drug_B_50mg,10.0,2023-04-03,2023-06-18,Completed
P1812,CT-103,DRUG-1,23,Male,Germany,Drug_B_50mg,20.0,2023-02-14,2023-08-06,Adverse Event
P1813,CT-101,DRUG-1,33,Female,Japan,Drug_B_50mg,20.0,2023-08-05,2023-09-04,Withdrawn
P1814,CT-105,DRUG-3,74,Male,UK,Drug_B_50mg,50.0,2023-09-25,2024-01-23,Withdrawn
P1815,CT-101,DRUG-2,22,Male,Germany,Placebo,20.0,2023-03-10,2023-08-28,Withdrawn
P1816,CT-103,DRUG-2,72,Male,Japan,Placebo,100.0,2023-03-25,2023-03-05,Effective
P1817,CT-103,DRUG-4,36,Male,USA,Drug_B_50mg,50.0,2023-04-09,2023-08-12,Withdrawn
P1818,CT-102,DRUG-3,73,Female,USA,Drug_B_50mg,20.0,2023-02-09,2023-05-19,Completed
P1819,CT-105,DRUG-4,26,Female,USA,Placebo,50.0,2023-05-20,2023-07-26,Withdrawn
P1820,CT-101,DRUG-4,46,MALE,germany,Drug_A_10mg,20.0,2023-09-27,2024-01-13,Effective
P1821,CT-105,DRUG-3,30,Male,Germany,Placebo,100.0,2023-04-03,2023-07-30,Effective
P1822,CT-102,DRUG-3,19,Male,Germany,Drug_A_10mg,100.0,2023-10-18,2024-01-24,Completed
P1823,CT-103,DRUG-2,71,Female,Germany,Placebo,50.0,2023-08-28,2024-02-02,Adverse Event
P1824,CT-104,DRUG-2,57,Male,Japan,Placebo,50.0,2023-02-16,2023-04-07,Completed
P1825,CT-101,DRUG-2,25,Male,Japan,Drug_B_50mg,100.0,2023-01-06,2023-05-24,Withdrawn
P1826,CT-105,DRUG-1,69,Male,Germany,Drug_B_50mg,10.0,2023-08-06,2024-01-19,Adverse Event
P1827,CT-105,DRUG-1,75,Male,Germany,Drug_A_10mg,10.0,2023-07-07,2023-09-09,Adverse Event
P1828,CT-104,DRUG-4,66,Male,Japan,Drug_A_10mg,50.0,2023-05-08,2023-10-23,Completed
P1829,CT-104,DRUG-3,51,Male,USA,Drug_B_50mg,100.0,2023-04-22,2023-08-08,Completed
P1830,CT-105,DRUG-4,25,MALE,UNITED STATES,Drug_B_50mg,100.0,2023-06-18,2023-10-02,Adverse Event
P1831,CT-104,DRUG-3,19,Male,UK,Placebo,20.0,2023-02-13,2023-07-28,Withdrawn
P1832,CT-104,DRUG-1,37,Female,Germany,Placebo,100.0,2023-07-11,2023-10-25,Adverse Event
P1833,CT-102,DRUG-3,31,Female,UK,Drug_A_10mg,20.0,2023-07-01,2023-11-19,Completed
P1834,CT-102,DRUG-1,42,Female,USA,Drug_A_10mg,100.0,2023-08-04,2023-11-26,Completed
P1835,CT-102,DRUG-4,52,Male,UK,Placebo,100.0,2023-03-07,2023-06-28,Effective
P1836,CT-104,DRUG-2,32,Male,USA,Drug_A_10mg,20.0,2023-06-26,2023-12-01,Completed
P1837,CT-102,DRUG-1,61,Female,USA,Placebo,100.0,2023-05-29,2023-05-09,Effective
P1838,CT-104,DRUG-2,37,Male,Germany,Placebo,10.0,2023-05-15,2023-08-16,Effective
P1839,CT-101,DRUG-2,42,Male,Germany,Drug_A_10mg,20.0,2023-07-25,2023-09-02,Adverse Event
P1840,CT-102,DRUG-4,20,Male,USA,Drug_A_10mg,100.0,2023-07-28,2024-01-08,Adverse Event
P1841,CT-102,DRUG-2,61,Female,UK,Drug_A_10mg,100.0,2023-01-27,2023-05-14,Completed
P1842,CT-103,DRUG-3,71,Male,Japan,Drug_A_10mg,20.0,2023-01-21,2023-02-20,Completed
P1843,CT-103,DRUG-2,54,Female,Japan,Drug_B_50mg,10.0,2023-08-09,2023-10-25,Adverse Event
P1844,CT-103,DRUG-3,56,Male,USA,Drug_B_50mg,10.0,2023-10-10,2023-12-12,Adverse Event
P1845,CT-103,DRUG-3,48,Female,Germany,Drug_B_50mg,100.0,2023-02-14,2023-04-12,Withdrawn
P1846,CT-105,DRUG-1,23,Male,Germany,Drug_B_50mg,100.0,2023-02-20,2023-04-10,Adverse Event
P1847,CT-104,DRUG-2,37,Male,Germany,Drug_A_10mg,100.0,2023-10-09,2024-01-11,Adverse Event
P1848,CT-104,DRUG-1,73,Male,UK,Placebo,10.0,2023-03-27,2023-07-05,Withdrawn
P1849,CT-105,DRUG-1,42,Female,UK,Drug_B_50mg,10.0,2023-03-26,2023-08-15,Effective
P1850,CT-104,DRUG-4,52,Male,Germany,Drug_A_10mg,20.0,2023-10-20,2024-01-13,Completed
P1851,CT-105,DRUG-4,82,Female,Japan,Drug_A_10mg,50.0,2023-05-18,2023-11-05,Completed
P1852,CT-101,DRUG-2,55,Male,Germany,Placebo,20.0,2023-05-19,2023-07-01,Withdrawn
P1853,CT-102,DRUG-1,18,Female,Japan,Placebo,10.0,2023-10-09,2024-01-14,Withdrawn
P1854,CT-105,DRUG-3,59,Male,USA,Placebo,20.0,2023-05-24,2023-08-07,Adverse Event
P1855,CT-105,DRUG-1,66,Female,Germany,Placebo,20.0,2023-06-16,2023-09-22,Withdrawn
P1856,CT-104,DRUG-2,75,Male,UK,Placebo,20.0,2023-09-03,2023-10-26,Effective
P1857,CT-102,DRUG-2,42,Female,Germany,Drug_B_50mg,50.0,2023-01-11,2023-04-30,Withdrawn
P1858,CT-104,DRUG-2,26,Male,USA,Placebo,20.0,2023-08-21,2024-01-01,Completed
P1859,CT-102,DRUG-1,30,Female,UK,Drug_A_10mg,10.0,2023-01-07,2023-02-17,Withdrawn
P1860,CT-101,DRUG-3,36,Male,USA,Drug_A_10mg,50.0,2023-02-13,2023-05-05,Withdrawn
P1861,CT-105,DRUG-4,38,Female,Japan,Placebo,20.0,2023-05-05,2023-06-18,Adverse Event
P1862,CT-101,DRUG-1,ninety,Male,Japan,Drug_A_10mg,100.0,2023-03-14,2023-04-13,Withdrawn
P1863,CT-104,DRUG-2,63,Female,Germany,Drug_B_50mg,100.0,2023-02-27,2023-08-01,Withdrawn
P1864,CT-102,DRUG-1,54,Female,USA,Drug_B_50mg,50.0,2023-03-02,2023-07-02,Completed
P1865,CT-105,DRUG-2,40,Female,Japan,Drug_B_50mg,20.0,2023-08-06,2023-10-13,Adverse Event
P1866,CT-103,DRUG-3,31,Female,UK,Drug_B_50mg,50.0,2023-05-16,2023-07-04,Completed
P1867,CT-102,DRUG-2,58,Male,UK,Placebo,100.0,2023-02-04,2023-04-03,Effective
P1868,CT-103,DRUG-2,29,Female,Germany,Drug_A_10mg,100.0,2023-06-30,2023-10-19,Effective
P1869,CT-104,DRUG-3,35,Male,UK,Placebo,100.0,2023-10-03,2024-03-17,Effective
P1870,CT-102,DRUG-4,28,Female,Germany,Drug_B_50mg,10.0,2023-05-01,2023-08-31,Completed
P1871,CT-101,DRUG-3,78,Male,USA,Drug_A_10mg,50.0,2023-07-04,2023-09-07,Adverse Event
P1872,CT-105,DRUG-4,49,Male,Germany,Drug_A_10mg,20.0,2023-03-02,2023-05-07,Effective
P1873,CT-104,DRUG-3,24,Male,USA,Placebo,-50.0,2023-01-16,2023-03-24,Adverse Event
P1874,CT-101,DRUG-1,71,Male,Germany,Placebo,20.0,2023-09-28,2024-01-12,Effective
P1875,CT-103,DRUG-4,ninety,Female,USA,Drug_A_10mg,10.0,2023-01-17,2023-04-01,Withdrawn
P1876,CT-104,DRUG-3,82,Female,Germany,Placebo,20.0,2023-05-20,2023-07-12,Effective
P1877,CT-102,DRUG-2,69,Male,Germany,Placebo,20.0,2023-10-14,2023-12-02,Effective
P1878,CT-104,DRUG-4,39,MALE,germany,Drug_B_50mg,100.0,2023-04-10,2023-07-18,Completed
P1879,CT-101,DRUG-2,54,Male,USA,Drug_A_10mg,20.0,2023-01-06,2023-04-25,Withdrawn
P1880,CT-101,DRUG-2,52,MALE,US,Drug_B_50mg,100.0,2023-01-24,2023-03-07,Adverse Event
P1881,CT-103,DRUG-3,68,Male,Japan,Placebo,50.0,2023-03-08,2023-05-01,Adverse Event
P1882,CT-105,DRUG-1,82,Male,USA,Drug_B_50mg,100.0,2023-09-02,2024-02-29,Completed
P1883,CT-102,DRUG-4,28,Male,Germany,Drug_A_10mg,20.0,2023-03-24,2023-08-29,Adverse Event
P1884,CT-102,DRUG-3,55,Female,UK,Drug_A_10mg,100.0,2023-05-03,2023-07-25,Completed
P1885,CT-105,DRUG-4,30,Male,Germany,Placebo,10.0,2023-09-13,2023-11-06,Effective
P1886,CT-103,DRUG-2,26,Female,Japan,Placebo,10.0,2023-02-06,2023-04-22,Effective
P1887,CT-104,DRUG-3,74,Male,USA,Drug_B_50mg,100.0,2023-01-21,2023-05-24,Adverse Event
P1888,CT-105,DRUG-2,74,Female,Japan,Placebo,10.0,2023-07-31,2024-01-06,Effective
P1889,CT-101,DRUG-1,49,Male,Germany,Drug_A_10mg,50.0,2023-07-12,2023-09-20,Effective
P1890,CT-102,DRUG-4,77,Male,Japan,Placebo,100.0,2023-10-01,2023-09-11,Completed
P1891,CT-101,DRUG-4,73,Male,UK,Placebo,10.0,2023-06-12,2023-10-07,Effective
P1892,CT-104,DRUG-1,53,Female,USA,Drug_B_50mg,20.0,2023-08-29,2023-11-04,Withdrawn
P1893,CT-101,DRUG-4,25,Female,UK,Placebo,20.0,2023-01-28,2023-04-22,Completed
P1894,CT-104,DRUG-3,50,Male,USA,Drug_A_10mg,10.0,2023-05-21,2023-10-01,Completed
P1895,CT-104,DRUG-4,85,Male,Japan,Drug_A_10mg,10.0,2023-02-17,2023-07-06,Adverse Event
P1896,CT-103,DRUG-2,43,Female,UK,Placebo,100.0,2023-10-02,2023-12-12,Effective
P1897,CT-105,DRUG-4,19,Male,USA,Drug_B_50mg,20.0,2023-06-15,2023-10-04,Completed
P1898,CT-104,DRUG-2,81,Female,USA,Drug_B_50mg,100.0,2023-05-15,2023-10-25,Completed
P1899,CT-102,DRUG-4,30,Male,Germany,Drug_B_50mg,20.0,2023-08-04,2024-01-20,Withdrawn
P1900,CT-102,DRUG-3,44,Male,USA,Placebo,50.0,2023-01-09,2023-04-26,Adverse Event
P1901,CT-101,DRUG-4,76,F,JAPAN,Placebo,50.0,2023-10-05,2024-02-21,Adverse Event
P1902,CT-104,DRUG-3,40,Male,UK,Placebo,50.0,2023-08-12,2023-11-22,Completed
P1903,CT-101,DRUG-1,20,Female,USA,Placebo,10.0,2023-08-16,2024-01-21,Completed
P1904,CT-104,DRUG-2,46,Female,UK,Drug_A_10mg,20.0,2023-08-29,2023-10-29,Adverse Event
P1905,CT-104,DRUG-4,68,Male,Japan,Drug_A_10mg,50.0,2023-05-18,2023-08-23,Adverse Event
P1906,CT-104,DRUG-2,18,Female,USA,Drug_A_10mg,10.0,2023-03-20,2023-07-23,Adverse Event
P1907,CT-105,DRUG-4,48,Female,Germany,Drug_B_50mg,99999.0,2023-01-27,2023-07-23,Effective
P1908,CT-104,DRUG-2,69,Female,Germany,Placebo,20.0,2023-02-20,2023-04-23,Completed
P1909,CT-104,DRUG-3,38,Female,Germany,Drug_A_10mg,10.0,2023-01-14,2023-06-04,Completed
P1910,CT-105,DRUG-2,21,Male,UK,Drug_A_10mg,20.0,2023-08-21,2023-12-20,Withdrawn
P1911,CT-102,DRUG-3,42,Male,UK,Placebo,10.0,2023-05-21,2023-07-11,Withdrawn
P1912,CT-105,DRUG-1,32,FEMALE,germany,Drug_A_10mg,20.0,2023-05-25,2023-08-30,Withdrawn
P1913,CT-102,DRUG-4,30,Female,USA,Placebo,10.0,2023-09-07,2023-10-26,Withdrawn
P1914,CT-104,DRUG-3,75,MALE,germany,Placebo,10.0,2023-04-02,2023-09-24,Completed
P1915,CT-104,DRUG-1,38,Female,USA,Drug_A_10mg,10.0,2023-10-02,2023-11-06,Withdrawn
P1916,CT-103,DRUG-1,45,Male,Japan,Drug_A_10mg,20.0,2023-02-12,2023-04-15,Adverse Event
P1917,CT-102,DRUG-1,62,Female,UK,Drug_B_50mg,100.0,2023-08-12,2024-01-20,Effective
P1918,CT-103,DRUG-2,43,Female,UK,Drug_A_10mg,50.0,2023-03-26,2023-06-16,Effective
P1919,CT-104,DRUG-4,52,Female,USA,Drug_B_50mg,100.0,2023-08-08,2023-10-28,Adverse Event
P1920,CT-101,DRUG-4,39,Male,Japan,Drug_B_50mg,100.0,2023-05-31,2023-11-12,Adverse Event
P1921,CT-101,DRUG-2,59,Female,Germany,Placebo,20.0,2023-02-07,2023-05-03,Adverse Event
P1922,CT-103,DRUG-1,19,Female,USA,Drug_B_50mg,50.0,2023-04-20,2023-09-16,Adverse Event
P1923,CT-105,DRUG-1,67,Female,Germany,Drug_B_50mg,20.0,2023-02-22,2023-08-14,Adverse Event
P1924,CT-101,DRUG-4,73,Female,Japan,,20.0,2023-01-26,2023-07-01,
P1925,CT-103,DRUG-4,33,Male,UK,Drug_A_10mg,50.0,2023-07-16,2023-10-14,Completed
P1926,CT-105,DRUG-1,77,Female,Germany,Placebo,10.0,2023-10-01,2024-03-14,Completed
P1927,CT-101,DRUG-1,78,Male,UK,Drug_B_50mg,50.0,2023-05-21,2023-09-09,Adverse Event
P1928,CT-105,DRUG-3,81,Male,UK,Placebo,100.0,2023-09-10,2023-11-10,Adverse Event
P1929,CT-101,DRUG-1,46,Male,USA,Drug_A_10mg,10.0,2023-06-15,2023-11-03,Withdrawn
P1930,CT-102,DRUG-3,18,Male,Japan,Drug_A_10mg,10.0,2023-01-25,2023-05-12,Completed
P1931,CT-105,DRUG-4,52,Male,Germany,Drug_B_50mg,100.0,2023-03-03,2023-05-04,Adverse Event
P1932,CT-105,DRUG-4,75,Male,Germany,Drug_B_50mg,100.0,2023-09-08,2023-12-18,Adverse Event
P1933,CT-104,DRUG-2,29,Female,Japan,Drug_B_50mg,10.0,2023-06-30,2023-12-19,Withdrawn
P1934,CT-102,DRUG-1,27,Female,USA,Drug_A_10mg,10.0,2023-04-21,2023-09-17,Effective
P1935,CT-101,DRUG-3,44,Female,Japan,Drug_B_50mg,100.0,2023-03-20,2023-08-26,Completed
P1936,CT-102,DRUG-3,67,Female,Germany,Placebo,20.0,2023-02-05,2023-05-17,Effective
P1937,CT-103,DRUG-1,36,Female,USA,Drug_B_50mg,10.0,2023-05-04,2023-06-07,Effective
P1938,CT-101,DRUG-4,85,Female,Japan,Placebo,10.0,2023-10-09,2023-11-29,Adverse Event
P1939,CT-102,DRUG-4,82,Female,Japan,,100.0,2023-05-20,2023-09-21,
P1940,CT-104,DRUG-4,42,Female,Germany,Placebo,20.0,2023-05-22,2023-11-03,Effective
P1941,CT-101,DRUG-1,49,Male,Germany,Drug_A_10mg,10.0,2023-01-19,2023-07-15,Adverse Event
P1942,CT-105,DRUG-1,53,Male,UK,Placebo,100.0,2023-02-21,2023-05-18,Adverse Event
P1943,CT-102,DRUG-2,62,Female,Japan,Drug_B_50mg,10.0,2023-02-18,2023-05-06,Effective
P1944,CT-102,DRUG-2,58,Male,Germany,Drug_A_10mg,50.0,2023-08-22,2023-10-27,Completed
P1945,CT-104,DRUG-3,20,Male,Japan,Drug_A_10mg,20.0,2023-01-05,2023-05-05,Effective
P1946,CT-104,DRUG-2,78,Male,USA,Drug_A_10mg,50.0,2023-04-27,2023-10-08,Withdrawn
P1947,CT-101,DRUG-1,56,Female,UK,Placebo,50.0,2023-10-07,2024-01-10,Effective
P1948,CT-104,DRUG-1,63,Female,Japan,Drug_B_50mg,INVALID_DOSAGE,2023-02-27,2023-06-06,Completed
P1949,CT-102,DRUG-2,63,Female,USA,Drug_A_10mg,100.0,2023-07-04,2023-09-24,Completed
P1950,CT-104,DRUG-1,53,Female,Germany,Placebo,50.0,2023-06-19,2023-10-27,Effective
P1951,CT-103,DRUG-3,42,Male,Japan,Drug_B_50mg,10.0,2023-08-10,2024-01-03,Adverse Event
P1952,CT-101,DRUG-4,36,Female,Germany,Drug_B_50mg,50.0,2023-10-13,2023-12-23,Adverse Event
P1953,CT-101,DRUG-3,19,Female,USA,Drug_A_10mg,50.0,2023-03-05,2023-04-17,Effective
P1954,CT-104,DRUG-3,18,Male,Japan,Drug_A_10mg,50.0,2023-05-26,2023-10-31,Withdrawn
P1955,CT-103,DRUG-2,43,Female,USA,Placebo,20.0,2023-01-17,2023-06-17,Adverse Event
P1956,CT-104,DRUG-4,69,Male,Japan,Placebo,50.0,2023-03-30,2023-09-20,Effective
P1957,CT-103,DRUG-2,43,Female,Germany,Placebo,20.0,2023-06-04,2023-09-20,Completed
P1958,CT-104,DRUG-2,66,Female,USA,Drug_A_10mg,100.0,2023-06-10,2023-11-15,Adverse Event
P1959,CT-104,DRUG-4,71,Female,UK,Drug_A_10mg,10.0,2023-08-04,2023-09-25,Withdrawn
P1960,CT-103,DRUG-2,83,Female,Germany,Drug_B_50mg,50.0,2023-01-28,2023-06-07,Withdrawn
P1961,CT-101,DRUG-4,84,Female,USA,Drug_A_10mg,10.0,2023-05-19,2023-07-15,Adverse Event
P1962,CT-103,DRUG-4,60,Male,USA,Drug_B_50mg,10.0,2023-04-15,2023-09-24,Withdrawn
P1963,CT-104,DRUG-2,46,M,UNITED STATES,Drug_B_50mg,50.0,2023-01-04,2023-06-07,Withdrawn
P1964,CT-105,DRUG-1,84,Male,Germany,Drug_A_10mg,10.0,2023-08-31,2023-10-06,Effective
P1965,CT-101,DRUG-3,69,Female,Germany,Drug_A_10mg,-50.0,2023-08-13,2023-10-13,Effective
P1966,CT-102,DRUG-2,48,Male,Germany,Placebo,100.0,2023-05-29,2023-09-10,Completed
P1967,CT-104,DRUG-3,53,Female,UK,Drug_B_50mg,INVALID_DOSAGE,2023-08-26,2024-01-09,Effective
P1968,CT-104,DRUG-1,67,Male,Japan,Drug_A_10mg,100.0,2023-01-22,2023-05-22,Withdrawn
P1969,CT-104,DRUG-3,19,Male,Japan,Drug_B_50mg,20.0,2023-06-28,2023-12-09,Effective
P1970,CT-102,DRUG-2,63,Female,UK,Drug_B_50mg,20.0,2023-05-23,2023-05-03,Effective
P1971,CT-104,DRUG-4,78,Male,Japan,Drug_A_10mg,50.0,2023-10-25,2023-10-05,Effective
P1972,CT-101,DRUG-2,47,F,JAPAN,Placebo,100.0,2023-06-15,2023-09-12,Withdrawn
P1973,CT-104,DRUG-1,25,Female,USA,Drug_A_10mg,10.0,2023-08-15,2023-12-18,Completed
P1974,CT-103,DRUG-1,75,Female,Germany,Drug_B_50mg,20.0,2023-04-11,2023-07-14,Effective
P1975,CT-103,DRUG-2,43,Male,UK,Drug_B_50mg,20.0,2023-02-14,2023-08-12,Completed
P1976,CT-101,DRUG-2,22,Male,USA,Placebo,100.0,2023-10-18,2024-04-04,Completed
P1977,CT-105,DRUG-4,42,Male,UK,Drug_B_50mg,50.0,2023-07-02,2023-12-22,Withdrawn
P1978,CT-104,DRUG-4,66,Male,USA,Drug_A_10mg,50.0,2023-02-21,2023-04-22,Effective
P1979,CT-105,DRUG-3,20,Male,Japan,Placebo,100.0,2023-07-03,2023-08-19,Withdrawn
P1980,CT-101,DRUG-2,84,Female,UK,Drug_B_50mg,10.0,2023-10-07,2023-12-04,Effective
P1981,CT-103,DRUG-1,22,Female,UK,Placebo,20.0,2023-06-21,2023-08-05,Withdrawn
P1982,CT-103,DRUG-1,48,Female,USA,Drug_B_50mg,10.0,2023-06-27,2023-08-14,Effective
P1983,CT-105,DRUG-1,79,Male,Japan,Drug_B_50mg,10.0,2023-02-23,2023-04-03,Effective
P1984,CT-103,DRUG-4,79,Female,Germany,Drug_A_10mg,10.0,2023-01-14,2023-04-04,Effective
P1985,CT-101,DRUG-4,24,M,germany,Drug_B_50mg,20.0,2023-08-09,2023-12-26,Withdrawn
P1986,CT-103,DRUG-2,61,Female,USA,Drug_A_10mg,20.0,2023-02-17,2023-08-16,Completed
P1987,CT-105,DRUG-1,19,Male,USA,Drug_A_10mg,10.0,2023-03-06,2023-07-26,Withdrawn
P1988,CT-103,DRUG-3,49,Female,Germany,Drug_B_50mg,100.0,2023-09-03,2023-08-14,Completed
P1989,CT-105,DRUG-2,81,Female,Germany,Placebo,50.0,2023-07-07,2023-12-25,Adverse Event
P1990,CT-102,DRUG-3,58,Male,USA,Placebo,100.0,2023-09-06,2023-12-16,Completed
P1991,CT-102,DRUG-2,57,Male,USA,Placebo,20.0,2023-01-19,2023-04-19,Effective
P1992,CT-104,DRUG-1,20,Female,USA,,50.0,2023-07-16,2023-10-30,
P1993,CT-105,DRUG-4,81,Male,UK,Placebo,100.0,2023-01-23,2023-04-20,Withdrawn
P1994,CT-104,DRUG-1,57,Male,Japan,Drug_A_10mg,50.0,2023-05-15,2023-08-08,Completed
P1995,CT-105,DRUG-4,72,Male,USA,Drug_B_50mg,100.0,2023-05-28,2023-11-10,Effective
P1996,CT-105,DRUG-3,38,Female,UK,Drug_B_50mg,20.0,2023-03-09,2023-04-11,Adverse Event
P1997,CT-103,DRUG-1,49,Female,Japan,Drug_B_50mg,100.0,2023-01-20,2023-04-30,Adverse Event
P1998,CT-103,DRUG-1,33,Female,Japan,Placebo,20.0,2023-08-16,2024-01-11,Completed
P1999,CT-104,DRUG-1,63,Female,Germany,Placebo,10.0,2023-10-24,2023-12-13,Adverse Event
P2000,CT-105,DRUG-3,26,Female,Germany,Placebo,50.0,2023-05-13,2023-10-16,Withdrawn
P1023,CT-103,DRUG-2,25,Male,Japan,,10.0,2023-10-27,2024-03-27,
P1019,CT-104,DRUG-1,30,Male,UK,Drug_B_50mg,50.0,2023-02-25,2023-05-29,Withdrawn
P1080,CT-103,DRUG-4,61,Female,USA,Placebo,50.0,2023-10-28,2024-04-23,Effective
P1084,CT-102,DRUG-1,78,Female,Japan,Drug_B_50mg,100.0,2023-02-11,2023-06-05,Effective
P1007,CT-102,DRUG-2,38,Female,UK,Placebo,20.0,2023-06-16,2023-07-30,Withdrawn
P1030,CT-103,DRUG-1,18,Female,Germany,Drug_B_50mg,50.0,2023-03-24,2023-08-14,Effective
P1015,CT-105,DRUG-4,45,Male,Japan,Placebo,-50.0,2023-08-13,2024-01-22,Effective
P1084,CT-102,DRUG-1,78,Female,Japan,Drug_B_50mg,100.0,2023-02-11,2023-06-05,Effective
P1005,CT-105,DRUG-3,42,Male,USA,Drug_B_50mg,20.0,2023-05-29,2023-07-18,Withdrawn
P1024,CT-105,DRUG-1,41,Male,USA,Drug_B_50mg,20.0,2023-07-26,2023-09-24,Withdrawn
P1088,CT-103,DRUG-4,50,Male,UK,Placebo,20.0,2023-02-07,2023-06-30,Adverse Event
P1065,CT-104,DRUG-1,19,Female,UK,Placebo,100.0,2023-06-24,2023-09-09,Completed
P1057,CT-104,DRUG-2,73,Male,Japan,Drug_B_50mg,100.0,2023-08-27,2024-01-15,Adverse Event
P1075,CT-104,DRUG-3,69,Male,UK,Drug_A_10mg,50.0,2023-05-10,2023-08-30,Completed
P1041,CT-103,DRUG-3,29,Male,Japan,Drug_A_10mg,20.0,2023-03-17,2023-04-22,Completed
P1006,CT-104,DRUG-3,76,Female,Germany,Placebo,50.0,2023-04-18,2023-07-25,Completed
P1071,CT-102,DRUG-1,25,Male,Japan,Drug_B_50mg,50.0,2023-08-13,2023-10-13,Effective
P1092,CT-104,DRUG-1,64,Male,USA,Placebo,99999.0,2023-08-01,2023-10-14,Withdrawn
P1030,CT-103,DRUG-1,18,Female,Germany,Drug_B_50mg,50.0,2023-03-24,2023-08-14,Effective
P1008,CT-103,DRUG-4,52,Male,Germany,Drug_B_50mg,50.0,2023-04-19,2023-09-23,Effective
P1092,CT-104,DRUG-1,64,Male,USA,Placebo,99999.0,2023-08-01,2023-10-14,Withdrawn
P1034,CT-101,DRUG-4,46,Male,UK,Placebo,50.0,2023-04-27,2023-07-23,Completed
P1033,CT-102,DRUG-4,21,Male,Japan,Placebo,20.0,2023-05-17,2023-07-26,Completed
P1003,CT-101,DRUG-2,72,Female,Japan,Drug_A_10mg,20.0,2023-06-22,2023-08-17,Completed
P1087,CT-104,DRUG-2,39,Male,USA,Drug_B_50mg,100.0,2023-05-04,2023-10-08,Withdrawn
P1046,CT-103,DRUG-2,52,Female,Japan,Drug_B_50mg,10.0,2023-03-12,2023-05-19,Withdrawn
P1070,CT-104,DRUG-1,47,Female,Germany,Placebo,10.0,2023-10-06,2024-01-01,Withdrawn
P1092,CT-104,DRUG-1,64,Male,USA,Placebo,99999.0,2023-08-01,2023-10-14,Withdrawn
P1006,CT-104,DRUG-3,76,Female,Germany,Placebo,50.0,2023-04-18,2023-07-25,Completed
P1077,CT-105,DRUG-2,54,Female,UK,Drug_A_10mg,10.0,2023-05-03,2023-07-12,Adverse Event
